dimensions,material_leather,material_fabric,material_none,is_sofa,is_table,is_chair,price
435,0,1,0,1,0,0,29967
400,0,1,0,1,0,0,22672
321,1,0,0,1,0,0,17129
296,1,0,0,1,0,0,18928
465,0,0,1,1,0,0,27652
355,1,0,0,1,0,0,19523
483,0,1,0,1,0,0,24726
340,0,0,1,1,0,0,29076
453,0,0,1,1,0,0,35312
366,0,0,1,1,0,0,25867
510,0,1,0,1,0,0,34339
442,0,0,1,1,0,0,34871
348,0,0,1,1,0,0,20248
431,1,0,0,1,0,0,24990
406,0,0,1,1,0,0,35276
364,0,1,0,1,0,0,27170
452,0,1,0,1,0,0,25332
493,1,0,0,1,0,0,30109
343,1,0,0,1,0,0,23655
288,0,0,1,1,0,0,31490
330,0,0,1,1,0,0,21634
415,0,0,1,1,0,0,24484
421,0,0,1,1,0,0,26319
304,0,1,0,1,0,0,24974
385,1,0,0,1,0,0,36353
296,1,0,0,1,0,0,28270
500,0,0,1,1,0,0,18579
303,0,1,0,1,0,0,29849
471,0,0,1,1,0,0,21311
377,1,0,0,1,0,0,32258
389,0,0,1,1,0,0,31201
299,1,0,0,1,0,0,31423
366,0,1,0,1,0,0,18797
426,0,0,1,1,0,0,19720
276,1,0,0,1,0,0,20940
284,1,0,0,1,0,0,20504
363,0,1,0,1,0,0,33125
445,0,0,1,1,0,0,22342
476,1,0,0,1,0,0,36537
454,0,1,0,1,0,0,34461
352,0,0,1,1,0,0,27787
492,1,0,0,1,0,0,17414
354,0,0,1,1,0,0,17740
480,0,1,0,1,0,0,26122
382,0,1,0,1,0,0,33923
379,0,1,0,1,0,0,35929
358,1,0,0,1,0,0,36002
397,0,1,0,1,0,0,35582
439,0,1,0,1,0,0,23458
380,1,0,0,1,0,0,24414
424,1,0,0,1,0,0,18467
449,1,0,0,1,0,0,36207
305,0,0,1,1,0,0,24504
395,1,0,0,1,0,0,21560
309,0,0,1,1,0,0,18618
385,0,0,1,1,0,0,36619
280,0,1,0,1,0,0,19407
469,0,0,1,1,0,0,31032
321,0,0,1,1,0,0,18827
318,0,1,0,1,0,0,26683
440,0,0,1,1,0,0,21070
312,1,0,0,1,0,0,27099
481,0,1,0,1,0,0,25783
371,0,0,1,1,0,0,32928
357,1,0,0,1,0,0,24863
423,0,1,0,1,0,0,30841
297,0,0,1,1,0,0,34624
289,1,0,0,1,0,0,25222
453,0,1,0,1,0,0,23539
464,0,0,1,1,0,0,27546
352,0,1,0,1,0,0,25865
311,0,1,0,1,0,0,31755
306,0,0,1,1,0,0,18314
417,0,1,0,1,0,0,36582
484,1,0,0,1,0,0,20922
475,1,0,0,1,0,0,17482
444,0,0,1,1,0,0,18141
428,1,0,0,1,0,0,21900
413,0,1,0,1,0,0,32667
358,0,0,1,1,0,0,19103
431,1,0,0,1,0,0,24902
303,1,0,0,1,0,0,31293
316,0,0,1,1,0,0,20868
362,0,0,1,1,0,0,25337
444,0,0,1,1,0,0,26197
359,0,0,1,1,0,0,33997
459,1,0,0,1,0,0,25510
390,1,0,0,1,0,0,23307
322,0,0,1,1,0,0,21077
390,0,1,0,1,0,0,30381
361,1,0,0,1,0,0,30546
345,1,0,0,1,0,0,24741
328,0,1,0,1,0,0,36397
493,0,0,1,1,0,0,17350
469,1,0,0,1,0,0,29024
458,1,0,0,1,0,0,34182
330,0,0,1,1,0,0,19154
305,0,0,1,1,0,0,24577
459,1,0,0,1,0,0,30834
405,0,0,1,1,0,0,31010
304,0,0,1,1,0,0,18336
409,1,0,0,1,0,0,29910
488,0,1,0,1,0,0,36056
305,0,0,1,1,0,0,30725
435,0,0,1,1,0,0,33245
292,1,0,0,1,0,0,33530
274,0,0,1,1,0,0,30107
400,0,0,1,1,0,0,21987
420,0,0,1,1,0,0,21038
500,1,0,0,1,0,0,26715
388,0,1,0,1,0,0,28383
414,1,0,0,1,0,0,27051
450,0,0,1,1,0,0,27234
307,1,0,0,1,0,0,19897
427,1,0,0,1,0,0,33373
419,0,0,1,1,0,0,27571
443,0,1,0,1,0,0,18508
334,0,0,1,1,0,0,21653
392,0,0,1,1,0,0,27373
474,0,0,1,1,0,0,26887
447,1,0,0,1,0,0,28778
453,1,0,0,1,0,0,23641
346,0,0,1,1,0,0,30135
294,0,1,0,1,0,0,19488
347,0,1,0,1,0,0,35133
481,0,0,1,1,0,0,25998
347,0,0,1,1,0,0,27619
421,0,1,0,1,0,0,24378
299,0,1,0,1,0,0,36399
387,0,0,1,1,0,0,26638
514,0,0,1,1,0,0,19015
338,1,0,0,1,0,0,33636
314,1,0,0,1,0,0,35728
362,0,1,0,1,0,0,25937
457,0,1,0,1,0,0,22950
406,1,0,0,1,0,0,32080
418,1,0,0,1,0,0,21140
373,0,1,0,1,0,0,34162
468,1,0,0,1,0,0,21999
462,0,1,0,1,0,0,36380
463,1,0,0,1,0,0,17308
358,0,1,0,1,0,0,19668
320,0,1,0,1,0,0,22994
364,0,1,0,1,0,0,27646
453,0,0,1,1,0,0,30406
450,0,0,1,1,0,0,24896
339,1,0,0,1,0,0,35923
371,0,0,1,1,0,0,21877
367,0,0,1,1,0,0,29054
385,0,1,0,1,0,0,25398
368,0,1,0,1,0,0,21669
360,0,1,0,1,0,0,20014
442,0,1,0,1,0,0,32047
475,0,0,1,1,0,0,19005
429,0,0,1,1,0,0,21615
330,0,0,1,1,0,0,24597
389,0,0,1,1,0,0,31543
407,0,0,1,1,0,0,20183
454,0,0,1,1,0,0,24400
281,0,0,1,1,0,0,19397
478,0,1,0,1,0,0,19512
430,0,0,1,1,0,0,22536
356,1,0,0,1,0,0,17032
382,0,0,1,1,0,0,19093
345,0,0,1,1,0,0,26149
407,0,0,1,1,0,0,29302
472,0,0,1,1,0,0,24204
417,0,1,0,1,0,0,32030
360,0,1,0,1,0,0,29909
364,0,1,0,1,0,0,26172
343,1,0,0,1,0,0,21442
463,0,1,0,1,0,0,22767
487,0,0,1,1,0,0,23484
345,0,1,0,1,0,0,26805
280,1,0,0,1,0,0,35795
298,1,0,0,1,0,0,30531
302,1,0,0,1,0,0,18124
469,0,0,1,1,0,0,27951
491,1,0,0,1,0,0,32113
434,1,0,0,1,0,0,18355
349,1,0,0,1,0,0,28582
425,0,1,0,1,0,0,35982
442,0,0,1,1,0,0,27108
495,0,0,1,1,0,0,30815
393,1,0,0,1,0,0,29420
414,1,0,0,1,0,0,26043
271,1,0,0,1,0,0,24124
401,0,1,0,1,0,0,35528
354,0,0,1,1,0,0,22189
378,0,1,0,1,0,0,17581
324,0,0,1,1,0,0,36658
401,0,0,1,1,0,0,31637
396,1,0,0,1,0,0,31426
384,0,0,1,1,0,0,35640
384,0,0,1,1,0,0,24913
301,1,0,0,1,0,0,27330
427,0,0,1,1,0,0,28661
356,0,1,0,1,0,0,20534
372,1,0,0,1,0,0,17409
297,1,0,0,1,0,0,20993
340,0,0,1,1,0,0,27593
340,0,1,0,1,0,0,25345
301,1,0,0,1,0,0,36750
343,0,0,1,1,0,0,28147
457,0,1,0,1,0,0,26928
331,0,1,0,1,0,0,21776
483,0,0,1,1,0,0,23557
413,0,0,1,1,0,0,35480
288,0,0,1,1,0,0,28801
371,0,1,0,1,0,0,24746
376,0,1,0,1,0,0,26441
292,0,1,0,1,0,0,36926
407,1,0,0,1,0,0,19018
411,1,0,0,1,0,0,24141
408,1,0,0,1,0,0,34472
410,1,0,0,1,0,0,31765
420,1,0,0,1,0,0,36053
322,0,1,0,1,0,0,21010
442,0,1,0,1,0,0,36374
365,0,0,1,1,0,0,31821
346,0,0,1,1,0,0,34789
308,0,0,1,1,0,0,33445
354,0,0,1,1,0,0,26940
375,0,0,1,1,0,0,20440
380,1,0,0,1,0,0,24998
326,1,0,0,1,0,0,26295
366,0,1,0,1,0,0,21705
418,1,0,0,1,0,0,35256
341,1,0,0,1,0,0,19935
379,0,1,0,1,0,0,35753
368,1,0,0,1,0,0,18679
323,0,1,0,1,0,0,27962
321,0,0,1,1,0,0,31990
357,0,1,0,1,0,0,23847
390,0,0,1,1,0,0,28532
460,0,1,0,1,0,0,36525
399,0,1,0,1,0,0,28307
508,1,0,0,1,0,0,23987
352,0,1,0,1,0,0,17803
421,0,0,1,1,0,0,21235
408,0,0,1,1,0,0,33057
359,1,0,0,1,0,0,25438
397,0,0,1,1,0,0,21280
360,0,1,0,1,0,0,29722
341,0,1,0,1,0,0,20403
380,0,0,1,1,0,0,18441
468,0,0,1,1,0,0,20443
343,0,1,0,1,0,0,36446
425,0,0,1,1,0,0,32458
465,1,0,0,1,0,0,35111
471,0,0,1,1,0,0,26533
515,0,0,1,1,0,0,27562
319,0,0,1,1,0,0,18804
457,1,0,0,1,0,0,27445
380,0,0,1,1,0,0,32130
343,1,0,0,1,0,0,31049
479,0,1,0,1,0,0,25257
430,1,0,0,1,0,0,32539
361,0,0,1,1,0,0,34575
424,0,1,0,1,0,0,32655
472,1,0,0,1,0,0,28056
429,0,1,0,1,0,0,17699
368,1,0,0,1,0,0,32989
283,0,0,1,1,0,0,27680
462,0,0,1,1,0,0,21745
388,0,0,1,1,0,0,29118
328,1,0,0,1,0,0,31609
441,1,0,0,1,0,0,35862
353,0,1,0,1,0,0,34466
371,0,1,0,1,0,0,24223
393,1,0,0,1,0,0,24471
460,1,0,0,1,0,0,24207
423,1,0,0,1,0,0,25698
353,0,1,0,1,0,0,20903
366,1,0,0,1,0,0,22797
398,0,0,1,1,0,0,27737
293,1,0,0,1,0,0,25446
321,0,1,0,1,0,0,25468
469,0,1,0,1,0,0,18935
438,0,0,1,1,0,0,21510
474,0,1,0,1,0,0,33635
411,0,1,0,1,0,0,24336
511,1,0,0,1,0,0,36473
305,0,0,1,1,0,0,36543
461,1,0,0,1,0,0,23089
440,0,0,1,1,0,0,30230
291,1,0,0,1,0,0,22521
469,0,0,1,1,0,0,26434
318,0,1,0,1,0,0,29960
294,0,0,1,1,0,0,27580
294,1,0,0,1,0,0,25518
393,1,0,0,1,0,0,30267
414,1,0,0,1,0,0,30425
453,1,0,0,1,0,0,21719
424,1,0,0,1,0,0,19306
333,0,0,1,1,0,0,30100
322,1,0,0,1,0,0,17583
471,0,0,1,1,0,0,21218
444,1,0,0,1,0,0,36064
400,0,0,1,1,0,0,26138
302,1,0,0,1,0,0,33898
415,0,1,0,1,0,0,20417
386,1,0,0,1,0,0,35390
387,0,1,0,1,0,0,21204
410,1,0,0,1,0,0,34408
383,0,1,0,1,0,0,27070
438,1,0,0,1,0,0,32823
337,0,0,1,1,0,0,36204
427,0,1,0,1,0,0,22216
485,0,0,1,1,0,0,17630
375,0,0,1,1,0,0,17727
473,0,0,1,1,0,0,30364
409,1,0,0,1,0,0,19575
320,1,0,0,1,0,0,20716
467,0,1,0,1,0,0,33055
409,1,0,0,1,0,0,34495
456,1,0,0,1,0,0,28307
461,0,0,1,1,0,0,30783
424,0,0,1,1,0,0,20225
418,0,0,1,1,0,0,20099
425,0,0,1,1,0,0,28155
391,0,1,0,1,0,0,34170
342,0,1,0,1,0,0,18100
342,0,0,1,1,0,0,22532
335,1,0,0,1,0,0,19555
376,0,1,0,1,0,0,33078
417,0,0,1,1,0,0,31451
462,0,0,1,1,0,0,17183
406,0,0,1,1,0,0,30351
373,0,1,0,1,0,0,17368
387,0,0,1,1,0,0,21336
333,0,1,0,1,0,0,36098
274,1,0,0,1,0,0,28269
377,0,0,1,1,0,0,24278
463,0,0,1,1,0,0,36070
394,0,0,1,1,0,0,18675
489,0,1,0,1,0,0,36143
367,0,0,1,1,0,0,18118
305,0,1,0,1,0,0,25538
300,0,0,1,1,0,0,33236
360,0,0,1,1,0,0,24278
316,0,1,0,1,0,0,26226
310,0,0,1,1,0,0,34131
427,0,1,0,1,0,0,17353
407,0,0,1,1,0,0,29791
312,1,0,0,1,0,0,28175
448,0,0,1,1,0,0,17826
472,0,0,1,1,0,0,22694
302,1,0,0,1,0,0,33389
285,0,0,1,1,0,0,29909
461,0,1,0,1,0,0,31019
414,0,0,1,1,0,0,21035
320,1,0,0,1,0,0,19616
469,0,1,0,1,0,0,20409
475,1,0,0,1,0,0,34671
406,0,0,1,1,0,0,26510
416,0,1,0,1,0,0,25322
345,0,1,0,1,0,0,29762
493,0,0,1,1,0,0,34505
390,0,0,1,1,0,0,35230
447,0,1,0,1,0,0,32909
417,1,0,0,1,0,0,33523
375,0,1,0,1,0,0,35933
334,1,0,0,1,0,0,36521
335,1,0,0,1,0,0,34376
392,1,0,0,1,0,0,28135
334,1,0,0,1,0,0,19271
489,0,1,0,1,0,0,31991
424,1,0,0,1,0,0,36924
445,0,0,1,1,0,0,33993
374,0,0,1,1,0,0,35888
346,0,0,1,1,0,0,29597
324,0,1,0,1,0,0,24947
440,1,0,0,1,0,0,31883
463,0,0,1,1,0,0,28981
451,1,0,0,1,0,0,18014
380,0,1,0,1,0,0,20193
409,1,0,0,1,0,0,29919
266,1,0,0,1,0,0,17564
343,1,0,0,1,0,0,24751
391,1,0,0,1,0,0,31021
472,0,0,1,1,0,0,21695
426,0,1,0,1,0,0,27037
314,1,0,0,1,0,0,26264
450,0,0,1,1,0,0,24015
401,0,1,0,1,0,0,18737
390,0,1,0,1,0,0,20734
409,0,0,1,1,0,0,24191
341,0,1,0,1,0,0,22232
424,1,0,0,1,0,0,30735
353,0,0,1,1,0,0,20629
338,1,0,0,1,0,0,25138
425,0,1,0,1,0,0,32387
409,1,0,0,1,0,0,36587
359,1,0,0,1,0,0,27150
345,1,0,0,1,0,0,31449
404,0,0,1,1,0,0,27379
300,0,0,1,1,0,0,22384
436,0,0,1,1,0,0,36699
455,1,0,0,1,0,0,36837
475,1,0,0,1,0,0,27901
440,1,0,0,1,0,0,27353
345,0,0,1,1,0,0,36227
379,1,0,0,1,0,0,25513
360,0,1,0,1,0,0,20285
323,1,0,0,1,0,0,36252
339,1,0,0,1,0,0,17902
334,0,0,1,1,0,0,20284
475,0,1,0,1,0,0,20499
406,0,1,0,1,0,0,31257
474,1,0,0,1,0,0,33105
356,1,0,0,1,0,0,30674
275,0,1,0,1,0,0,35269
383,0,0,1,1,0,0,22993
390,0,0,1,1,0,0,32025
395,1,0,0,1,0,0,32456
431,0,1,0,1,0,0,18765
376,1,0,0,1,0,0,33995
403,0,0,1,1,0,0,32294
429,0,1,0,1,0,0,23569
440,1,0,0,1,0,0,36865
317,0,0,1,1,0,0,18123
329,0,0,1,1,0,0,20412
323,1,0,0,1,0,0,24170
447,0,1,0,1,0,0,32101
318,0,1,0,1,0,0,22399
364,1,0,0,1,0,0,30353
406,0,1,0,1,0,0,26212
446,1,0,0,1,0,0,18112
335,0,0,1,1,0,0,21562
445,0,0,1,1,0,0,21951
410,0,1,0,1,0,0,31960
346,1,0,0,1,0,0,31547
363,1,0,0,1,0,0,33767
428,0,0,1,1,0,0,23557
340,0,0,1,1,0,0,20346
391,1,0,0,1,0,0,27341
358,0,1,0,1,0,0,21664
317,0,1,0,1,0,0,33084
416,1,0,0,1,0,0,22146
329,0,0,1,1,0,0,22005
411,0,1,0,1,0,0,26868
300,0,0,1,1,0,0,21376
437,0,0,1,1,0,0,24938
326,1,0,0,1,0,0,31590
475,1,0,0,1,0,0,33203
286,0,1,0,1,0,0,33377
332,0,0,1,1,0,0,24967
295,0,0,1,1,0,0,36229
369,1,0,0,1,0,0,23831
388,0,0,1,1,0,0,18832
427,0,1,0,1,0,0,27793
389,0,0,1,1,0,0,29525
418,0,1,0,1,0,0,23223
337,0,0,1,1,0,0,30082
441,0,0,1,1,0,0,19252
355,0,0,1,1,0,0,33273
352,0,1,0,1,0,0,25711
440,1,0,0,1,0,0,33675
354,1,0,0,1,0,0,30587
479,0,0,1,1,0,0,22650
391,0,1,0,1,0,0,31974
420,0,0,1,1,0,0,22410
386,1,0,0,1,0,0,28495
443,0,0,1,1,0,0,19775
427,0,0,1,1,0,0,36052
511,0,1,0,1,0,0,32335
293,0,1,0,1,0,0,29705
390,1,0,0,1,0,0,33177
341,0,0,1,1,0,0,24086
394,0,1,0,1,0,0,18331
387,0,1,0,1,0,0,32056
379,0,1,0,1,0,0,31957
440,1,0,0,1,0,0,33131
320,1,0,0,1,0,0,31033
375,0,0,1,1,0,0,35209
459,1,0,0,1,0,0,35223
447,0,1,0,1,0,0,29349
387,1,0,0,1,0,0,30296
370,0,0,1,1,0,0,24419
292,0,0,1,1,0,0,17521
320,0,1,0,1,0,0,22218
402,0,0,1,1,0,0,31289
436,0,1,0,1,0,0,30779
310,0,1,0,1,0,0,35129
397,1,0,0,1,0,0,33821
456,0,0,1,1,0,0,29965
465,0,0,1,1,0,0,30739
477,1,0,0,1,0,0,27038
345,0,0,1,1,0,0,27549
413,1,0,0,1,0,0,26985
457,0,1,0,1,0,0,29232
386,0,0,1,1,0,0,33568
386,0,0,1,1,0,0,30520
398,0,1,0,1,0,0,30748
328,0,0,1,1,0,0,26773
430,0,1,0,1,0,0,32593
419,1,0,0,1,0,0,29312
383,0,0,1,1,0,0,21310
341,0,1,0,1,0,0,22012
497,0,0,1,1,0,0,24354
361,0,1,0,1,0,0,21629
390,0,0,1,1,0,0,31953
316,0,0,1,1,0,0,33704
303,1,0,0,1,0,0,23099
415,0,0,1,1,0,0,27672
479,1,0,0,1,0,0,29084
314,0,0,1,1,0,0,31442
450,1,0,0,1,0,0,23828
457,0,0,1,1,0,0,30480
257,1,0,0,1,0,0,18457
388,0,1,0,1,0,0,32358
454,0,0,1,1,0,0,25758
325,0,0,1,1,0,0,19760
312,0,0,1,1,0,0,17219
390,0,1,0,1,0,0,30873
464,0,1,0,1,0,0,25945
315,1,0,0,1,0,0,31131
319,0,0,1,1,0,0,25764
391,0,0,1,1,0,0,31476
342,0,0,1,1,0,0,34230
302,0,1,0,1,0,0,26585
374,1,0,0,1,0,0,26507
457,0,0,1,1,0,0,27991
401,0,1,0,1,0,0,21851
389,1,0,0,1,0,0,20266
467,0,0,1,1,0,0,27745
441,1,0,0,1,0,0,23274
354,1,0,0,1,0,0,31507
285,1,0,0,1,0,0,26838
465,1,0,0,1,0,0,31964
421,0,1,0,1,0,0,25614
384,0,0,1,1,0,0,33249
439,0,0,1,1,0,0,22121
457,1,0,0,1,0,0,35725
307,0,1,0,1,0,0,30773
436,1,0,0,1,0,0,23077
275,0,1,0,1,0,0,22340
332,0,0,1,1,0,0,36447
467,0,0,1,1,0,0,31227
455,1,0,0,1,0,0,34566
326,0,0,1,1,0,0,32313
335,0,1,0,1,0,0,23934
471,1,0,0,1,0,0,29237
327,0,1,0,1,0,0,17444
377,1,0,0,1,0,0,28966
440,1,0,0,1,0,0,32437
436,0,1,0,1,0,0,29058
442,1,0,0,1,0,0,28073
407,0,0,1,1,0,0,31777
363,0,0,1,1,0,0,22743
378,0,1,0,1,0,0,17182
443,0,0,1,1,0,0,22637
469,0,0,1,1,0,0,22903
353,0,0,1,1,0,0,21995
468,0,1,0,1,0,0,34046
427,1,0,0,1,0,0,31317
473,1,0,0,1,0,0,30265
315,0,1,0,1,0,0,31307
271,0,1,0,1,0,0,30636
358,0,1,0,1,0,0,30426
305,0,1,0,1,0,0,29313
313,1,0,0,1,0,0,27834
433,0,0,1,1,0,0,27907
314,0,0,1,1,0,0,29051
482,1,0,0,1,0,0,27819
323,0,1,0,1,0,0,33309
389,0,1,0,1,0,0,24544
384,0,1,0,1,0,0,28070
366,0,1,0,1,0,0,31850
306,0,1,0,1,0,0,20439
437,0,1,0,1,0,0,33483
375,0,1,0,1,0,0,29575
359,0,0,1,1,0,0,28673
417,1,0,0,1,0,0,31819
465,0,1,0,1,0,0,34105
403,0,0,1,1,0,0,21795
475,1,0,0,1,0,0,26807
491,0,0,1,1,0,0,32215
286,1,0,0,1,0,0,29457
305,0,1,0,1,0,0,24866
374,1,0,0,1,0,0,20521
336,1,0,0,1,0,0,30867
493,0,0,1,1,0,0,26754
333,0,1,0,1,0,0,34524
434,0,1,0,1,0,0,17145
448,0,0,1,1,0,0,27281
476,0,1,0,1,0,0,17314
392,0,0,1,1,0,0,23074
464,1,0,0,1,0,0,25807
465,1,0,0,1,0,0,33884
407,0,0,1,1,0,0,34145
412,0,1,0,1,0,0,30950
321,0,0,1,1,0,0,33207
294,0,0,1,1,0,0,24228
316,0,1,0,1,0,0,24967
335,1,0,0,1,0,0,33088
364,0,1,0,1,0,0,26218
481,0,1,0,1,0,0,34155
446,1,0,0,1,0,0,32695
432,0,1,0,1,0,0,17379
315,0,0,1,1,0,0,27364
432,0,1,0,1,0,0,21832
323,1,0,0,1,0,0,36569
388,0,0,1,1,0,0,17806
393,0,1,0,1,0,0,18235
428,0,0,1,1,0,0,29223
368,0,1,0,1,0,0,17834
386,0,0,1,1,0,0,29161
388,0,0,1,1,0,0,25101
327,0,1,0,1,0,0,31285
473,1,0,0,1,0,0,26175
367,1,0,0,1,0,0,20216
420,0,0,1,1,0,0,28431
409,1,0,0,1,0,0,33387
439,0,0,1,1,0,0,32820
421,0,1,0,1,0,0,28936
317,0,0,1,1,0,0,31920
314,1,0,0,1,0,0,31639
347,1,0,0,1,0,0,21453
362,0,1,0,1,0,0,24111
484,0,0,1,1,0,0,22149
401,0,0,1,1,0,0,35828
395,0,0,1,1,0,0,36450
324,1,0,0,1,0,0,36059
486,1,0,0,1,0,0,28233
317,1,0,0,1,0,0,20145
337,0,0,1,1,0,0,17231
434,1,0,0,1,0,0,31681
328,0,1,0,1,0,0,34570
362,0,1,0,1,0,0,17912
442,1,0,0,1,0,0,23000
473,1,0,0,1,0,0,32593
389,0,1,0,1,0,0,35523
380,0,1,0,1,0,0,30342
336,0,0,1,1,0,0,19481
376,1,0,0,1,0,0,29573
399,0,0,1,1,0,0,20936
446,1,0,0,1,0,0,18187
372,0,0,1,1,0,0,21987
513,1,0,0,1,0,0,27086
293,0,1,0,1,0,0,20406
408,0,1,0,1,0,0,25012
449,0,0,1,1,0,0,28075
394,0,0,1,1,0,0,32156
468,0,0,1,1,0,0,23170
471,0,0,1,1,0,0,32153
402,0,1,0,1,0,0,26405
358,0,1,0,1,0,0,32114
421,0,0,1,1,0,0,26836
356,0,1,0,1,0,0,35431
467,0,0,1,1,0,0,28147
475,0,1,0,1,0,0,28396
492,0,0,1,1,0,0,17644
486,1,0,0,1,0,0,17015
401,1,0,0,1,0,0,17661
326,0,1,0,1,0,0,28424
419,1,0,0,1,0,0,31021
412,1,0,0,1,0,0,17377
418,0,0,1,1,0,0,22384
340,0,1,0,1,0,0,17222
443,0,0,1,1,0,0,17016
407,1,0,0,1,0,0,19402
268,1,0,0,1,0,0,19555
436,0,1,0,1,0,0,21758
311,1,0,0,1,0,0,32030
267,0,1,0,1,0,0,30192
420,0,0,1,1,0,0,33863
418,0,1,0,1,0,0,30404
331,1,0,0,1,0,0,23016
352,1,0,0,1,0,0,21733
372,1,0,0,1,0,0,29317
391,1,0,0,1,0,0,17349
365,0,1,0,1,0,0,28236
381,0,1,0,1,0,0,30177
387,1,0,0,1,0,0,18771
398,0,1,0,1,0,0,29292
379,1,0,0,1,0,0,22892
367,1,0,0,1,0,0,33248
323,1,0,0,1,0,0,31879
368,0,1,0,1,0,0,21806
449,0,1,0,1,0,0,30137
335,1,0,0,1,0,0,33582
473,1,0,0,1,0,0,35221
340,0,1,0,1,0,0,25345
420,0,0,1,1,0,0,36542
484,0,1,0,1,0,0,20793
341,0,0,1,1,0,0,29286
325,0,0,1,1,0,0,33397
340,0,1,0,1,0,0,23524
422,0,1,0,1,0,0,28582
398,1,0,0,1,0,0,24541
404,0,1,0,1,0,0,20683
333,1,0,0,1,0,0,25329
354,0,0,1,1,0,0,20942
429,0,1,0,1,0,0,33128
302,1,0,0,1,0,0,23255
337,1,0,0,1,0,0,36660
395,1,0,0,1,0,0,23359
403,0,1,0,1,0,0,22616
422,0,1,0,1,0,0,25061
342,1,0,0,1,0,0,18050
456,0,0,1,1,0,0,30601
467,0,0,1,1,0,0,30640
442,1,0,0,1,0,0,23633
377,1,0,0,1,0,0,31117
430,0,1,0,1,0,0,19520
328,0,1,0,1,0,0,22293
488,0,0,1,1,0,0,34242
455,0,0,1,1,0,0,34367
339,0,0,1,1,0,0,22728
454,0,0,1,1,0,0,18078
376,0,1,0,1,0,0,30004
429,0,1,0,1,0,0,21915
397,1,0,0,1,0,0,19299
401,1,0,0,1,0,0,18942
498,1,0,0,1,0,0,33299
340,0,1,0,1,0,0,17007
436,1,0,0,1,0,0,17436
315,0,0,1,1,0,0,35710
431,0,0,1,1,0,0,21931
379,1,0,0,1,0,0,28299
395,0,1,0,1,0,0,25727
478,0,0,1,1,0,0,27530
371,0,0,1,1,0,0,24811
356,1,0,0,1,0,0,32714
374,0,1,0,1,0,0,19362
416,0,1,0,1,0,0,21618
434,0,0,1,1,0,0,22565
425,1,0,0,1,0,0,30972
374,0,1,0,1,0,0,31766
436,0,0,1,1,0,0,32940
390,0,1,0,1,0,0,28153
422,0,1,0,1,0,0,35281
362,0,1,0,1,0,0,34306
434,0,1,0,1,0,0,34467
374,1,0,0,1,0,0,36933
362,0,1,0,1,0,0,19489
419,0,0,1,1,0,0,23198
408,0,1,0,1,0,0,25424
342,0,0,1,1,0,0,17023
314,0,1,0,1,0,0,32494
354,0,1,0,1,0,0,17258
403,0,0,1,1,0,0,27896
413,0,0,1,1,0,0,17702
336,0,1,0,1,0,0,33540
400,0,0,1,1,0,0,22369
331,0,0,1,1,0,0,20507
444,1,0,0,1,0,0,20272
511,0,1,0,1,0,0,30025
326,0,1,0,1,0,0,19970
345,0,0,1,1,0,0,29411
440,1,0,0,1,0,0,35891
451,0,0,1,1,0,0,17010
448,0,0,1,1,0,0,23769
409,0,1,0,1,0,0,34247
493,0,0,1,1,0,0,23384
399,0,1,0,1,0,0,31636
332,0,1,0,1,0,0,33777
338,1,0,0,1,0,0,33084
433,0,0,1,1,0,0,36904
372,0,1,0,1,0,0,26055
367,0,1,0,1,0,0,22274
446,0,1,0,1,0,0,17540
386,0,1,0,1,0,0,27649
492,0,1,0,1,0,0,31302
426,0,0,1,1,0,0,35913
352,0,1,0,1,0,0,25879
277,1,0,0,1,0,0,24852
481,0,0,1,1,0,0,32350
472,0,0,1,1,0,0,17969
390,0,0,1,1,0,0,36706
481,1,0,0,1,0,0,22084
329,1,0,0,1,0,0,29990
342,0,0,1,1,0,0,26862
354,0,0,1,1,0,0,21166
384,0,1,0,1,0,0,29904
347,0,1,0,1,0,0,26608
379,1,0,0,1,0,0,18317
384,1,0,0,1,0,0,35645
426,1,0,0,1,0,0,17298
460,0,0,1,1,0,0,34946
333,0,0,1,1,0,0,34702
361,0,1,0,1,0,0,30856
325,1,0,0,1,0,0,23166
399,0,0,1,1,0,0,35981
443,0,1,0,1,0,0,17624
440,0,1,0,1,0,0,36187
335,0,0,1,1,0,0,23695
428,0,1,0,1,0,0,18353
419,0,1,0,1,0,0,18293
391,0,0,1,1,0,0,23945
435,1,0,0,1,0,0,23795
277,0,0,1,1,0,0,27200
385,1,0,0,1,0,0,20067
360,1,0,0,1,0,0,17233
425,1,0,0,1,0,0,23316
343,1,0,0,1,0,0,35837
374,1,0,0,1,0,0,23781
455,0,1,0,1,0,0,32483
420,1,0,0,1,0,0,18717
349,0,1,0,1,0,0,30781
346,0,0,1,1,0,0,27493
368,1,0,0,1,0,0,28119
444,1,0,0,1,0,0,36023
329,1,0,0,1,0,0,33334
356,1,0,0,1,0,0,27795
346,1,0,0,1,0,0,23580
325,0,1,0,1,0,0,30142
300,0,1,0,1,0,0,21219
326,1,0,0,1,0,0,24906
367,1,0,0,1,0,0,28306
408,1,0,0,1,0,0,27727
393,0,1,0,1,0,0,27749
400,1,0,0,1,0,0,19536
306,0,0,1,1,0,0,17366
381,0,0,1,1,0,0,30605
422,1,0,0,1,0,0,36787
443,0,0,1,1,0,0,22804
355,1,0,0,1,0,0,22799
488,0,1,0,1,0,0,27649
340,0,1,0,1,0,0,31316
430,0,0,1,1,0,0,22877
308,1,0,0,1,0,0,34862
463,1,0,0,1,0,0,24331
398,1,0,0,1,0,0,23263
371,1,0,0,1,0,0,26659
299,1,0,0,1,0,0,27269
394,1,0,0,1,0,0,30256
365,1,0,0,1,0,0,32137
421,0,0,1,1,0,0,21643
402,0,1,0,1,0,0,31098
402,1,0,0,1,0,0,35180
350,0,0,1,1,0,0,19707
306,0,1,0,1,0,0,32723
379,0,1,0,1,0,0,27093
383,0,0,1,1,0,0,35927
423,0,1,0,1,0,0,18556
462,1,0,0,1,0,0,32584
371,1,0,0,1,0,0,17620
337,1,0,0,1,0,0,32440
380,0,1,0,1,0,0,35200
363,0,0,1,1,0,0,27101
320,0,0,1,1,0,0,30247
327,1,0,0,1,0,0,25082
322,0,0,1,1,0,0,25880
345,1,0,0,1,0,0,27036
341,1,0,0,1,0,0,24187
338,1,0,0,1,0,0,31394
460,0,0,1,1,0,0,20111
460,1,0,0,1,0,0,21670
338,0,0,1,1,0,0,27443
297,0,1,0,1,0,0,17799
343,0,1,0,1,0,0,19704
396,0,1,0,1,0,0,30625
431,0,1,0,1,0,0,18198
450,0,1,0,1,0,0,18697
342,1,0,0,1,0,0,31784
433,0,0,1,1,0,0,17049
353,1,0,0,1,0,0,24050
494,0,1,0,1,0,0,25378
366,1,0,0,1,0,0,34497
384,0,0,1,1,0,0,34892
345,0,1,0,1,0,0,18274
362,1,0,0,1,0,0,28061
450,0,1,0,1,0,0,20014
490,0,0,1,1,0,0,29895
322,0,1,0,1,0,0,18584
373,1,0,0,1,0,0,31071
422,1,0,0,1,0,0,24339
342,1,0,0,1,0,0,20154
395,0,1,0,1,0,0,32621
347,1,0,0,1,0,0,25886
314,0,0,1,1,0,0,26520
419,0,1,0,1,0,0,31597
357,0,0,1,1,0,0,26483
303,0,0,1,1,0,0,35319
326,1,0,0,1,0,0,22392
386,0,1,0,1,0,0,31469
431,0,1,0,1,0,0,27880
462,0,0,1,1,0,0,29864
344,0,1,0,1,0,0,36314
384,0,0,1,1,0,0,27351
407,1,0,0,1,0,0,35144
427,0,0,1,1,0,0,25551
377,0,0,1,1,0,0,23562
372,0,0,1,1,0,0,21324
301,1,0,0,1,0,0,30881
483,0,0,1,1,0,0,31068
476,1,0,0,1,0,0,28077
370,0,0,1,1,0,0,23408
465,0,1,0,1,0,0,22429
384,0,0,1,1,0,0,28335
297,0,1,0,1,0,0,28818
356,0,1,0,1,0,0,31759
483,0,0,1,1,0,0,21132
433,1,0,0,1,0,0,21455
317,0,0,1,1,0,0,36963
406,0,0,1,1,0,0,35984
346,0,0,1,1,0,0,20162
425,0,1,0,1,0,0,34553
393,0,0,1,1,0,0,18672
351,0,0,1,1,0,0,17735
436,1,0,0,1,0,0,17419
469,0,0,1,1,0,0,19550
309,0,0,1,1,0,0,17904
462,0,0,1,1,0,0,23617
441,1,0,0,1,0,0,21922
366,1,0,0,1,0,0,30413
473,0,0,1,1,0,0,26472
267,1,0,0,1,0,0,28732
466,1,0,0,1,0,0,35070
441,0,1,0,1,0,0,21610
324,1,0,0,1,0,0,27131
332,0,0,1,1,0,0,17314
333,1,0,0,1,0,0,21493
400,0,0,1,1,0,0,28397
427,0,0,1,1,0,0,19968
362,1,0,0,1,0,0,22388
329,1,0,0,1,0,0,25742
308,0,1,0,1,0,0,28321
401,0,1,0,1,0,0,22787
369,1,0,0,1,0,0,26221
407,1,0,0,1,0,0,23728
409,0,1,0,1,0,0,23264
452,0,0,1,1,0,0,17202
396,1,0,0,1,0,0,36941
476,0,0,1,1,0,0,21435
459,0,1,0,1,0,0,25417
451,0,0,1,1,0,0,32923
310,0,0,1,1,0,0,35163
393,0,0,1,1,0,0,33606
370,0,1,0,1,0,0,35313
417,0,0,1,1,0,0,27606
278,0,1,0,1,0,0,20535
401,0,0,1,1,0,0,26533
287,1,0,0,1,0,0,23130
449,0,0,1,1,0,0,29043
479,0,0,1,1,0,0,35826
320,0,0,1,1,0,0,17430
326,1,0,0,1,0,0,21470
423,0,0,1,1,0,0,27334
320,1,0,0,1,0,0,35808
300,0,0,1,1,0,0,36386
470,1,0,0,1,0,0,33100
465,1,0,0,1,0,0,31161
464,0,1,0,1,0,0,33161
498,0,0,1,1,0,0,34785
342,0,1,0,1,0,0,18410
469,0,0,1,1,0,0,26194
329,0,1,0,1,0,0,25584
333,0,1,0,1,0,0,19991
360,1,0,0,1,0,0,22706
312,1,0,0,1,0,0,28574
415,1,0,0,1,0,0,31506
492,0,0,1,1,0,0,35790
427,1,0,0,1,0,0,25761
468,1,0,0,1,0,0,18480
300,1,0,0,1,0,0,18463
436,1,0,0,1,0,0,36660
398,0,0,1,1,0,0,27013
427,0,1,0,1,0,0,20214
318,0,0,1,1,0,0,31574
339,0,0,1,1,0,0,21997
477,0,0,1,1,0,0,21537
317,0,0,1,1,0,0,23374
442,1,0,0,1,0,0,27871
450,0,1,0,1,0,0,28008
342,0,1,0,1,0,0,30679
414,0,1,0,1,0,0,29730
393,0,1,0,1,0,0,26430
449,1,0,0,1,0,0,33527
382,0,0,1,1,0,0,29075
350,1,0,0,1,0,0,35211
316,0,0,1,1,0,0,35328
367,0,1,0,1,0,0,35488
326,1,0,0,1,0,0,25319
275,0,1,0,1,0,0,33059
340,0,0,1,1,0,0,22206
433,0,1,0,1,0,0,26608
342,1,0,0,1,0,0,26927
484,1,0,0,1,0,0,28513
363,1,0,0,1,0,0,34991
345,0,0,1,1,0,0,25855
367,0,1,0,1,0,0,21395
391,1,0,0,1,0,0,28357
399,0,1,0,1,0,0,35995
460,0,0,1,1,0,0,18871
319,0,1,0,1,0,0,28223
496,0,1,0,1,0,0,18079
432,0,1,0,1,0,0,36094
450,1,0,0,1,0,0,32168
429,1,0,0,1,0,0,23508
307,0,0,1,1,0,0,33047
418,0,0,1,1,0,0,24688
402,1,0,0,1,0,0,27415
315,1,0,0,1,0,0,30556
440,0,1,0,1,0,0,27728
362,0,1,0,1,0,0,26094
292,0,0,1,1,0,0,31718
304,0,0,1,1,0,0,36466
439,1,0,0,1,0,0,25144
403,0,0,1,1,0,0,19867
435,1,0,0,1,0,0,19269
485,0,0,1,1,0,0,32364
337,0,0,1,1,0,0,29182
329,1,0,0,1,0,0,25531
336,1,0,0,1,0,0,19736
347,0,0,1,1,0,0,18748
495,0,0,1,1,0,0,26037
340,0,1,0,1,0,0,36588
365,0,1,0,1,0,0,23586
438,0,1,0,1,0,0,19212
345,1,0,0,1,0,0,21057
465,1,0,0,1,0,0,34594
427,0,1,0,1,0,0,35435
449,0,0,1,1,0,0,29091
332,0,1,0,1,0,0,21531
393,1,0,0,1,0,0,21790
337,1,0,0,1,0,0,27298
392,0,1,0,1,0,0,32444
430,0,0,1,1,0,0,35190
382,0,1,0,1,0,0,23576
455,1,0,0,1,0,0,21012
406,0,1,0,1,0,0,34308
297,1,0,0,1,0,0,34687
445,0,0,1,1,0,0,34568
483,0,0,1,1,0,0,32992
457,1,0,0,1,0,0,17831
358,0,1,0,1,0,0,26295
415,0,0,1,1,0,0,19309
292,0,1,0,1,0,0,27139
445,0,1,0,1,0,0,34618
401,1,0,0,1,0,0,26739
488,0,1,0,1,0,0,22700
456,0,0,1,1,0,0,18266
385,1,0,0,1,0,0,17829
419,1,0,0,1,0,0,25008
399,1,0,0,1,0,0,33526
363,0,0,1,1,0,0,33721
393,1,0,0,1,0,0,35832
336,0,1,0,1,0,0,17025
430,0,0,1,1,0,0,22294
316,1,0,0,1,0,0,28569
434,0,0,1,1,0,0,27305
383,0,0,1,1,0,0,19228
481,1,0,0,1,0,0,26038
468,0,0,1,1,0,0,30029
312,0,0,1,1,0,0,32141
429,1,0,0,1,0,0,20282
396,1,0,0,1,0,0,27083
466,0,1,0,1,0,0,28398
326,1,0,0,1,0,0,36685
440,0,1,0,1,0,0,36909
339,1,0,0,1,0,0,20388
454,0,0,1,1,0,0,34675
453,1,0,0,1,0,0,25316
322,0,0,1,1,0,0,30428
419,0,1,0,1,0,0,19600
499,1,0,0,1,0,0,23102
391,1,0,0,1,0,0,26955
418,1,0,0,1,0,0,19526
388,0,1,0,1,0,0,24870
462,1,0,0,1,0,0,24763
455,0,1,0,1,0,0,33458
320,1,0,0,1,0,0,20502
358,1,0,0,1,0,0,26496
451,0,0,1,1,0,0,33863
487,0,0,1,1,0,0,28129
310,0,1,0,1,0,0,20733
436,0,0,1,1,0,0,24552
400,1,0,0,1,0,0,21834
470,0,0,1,1,0,0,29094
367,1,0,0,1,0,0,20736
423,0,1,0,1,0,0,22409
398,0,0,1,1,0,0,29677
404,0,0,1,1,0,0,21934
450,0,1,0,1,0,0,18322
360,1,0,0,1,0,0,25448
513,1,0,0,1,0,0,34629
369,0,0,1,1,0,0,31843
311,0,0,1,1,0,0,18187
366,1,0,0,1,0,0,35626
334,0,0,1,1,0,0,28556
513,0,1,0,1,0,0,31705
362,1,0,0,1,0,0,17147
494,0,1,0,1,0,0,31499
310,1,0,0,1,0,0,26898
444,0,0,1,1,0,0,36813
314,0,0,1,1,0,0,33966
440,0,1,0,1,0,0,32856
426,0,0,1,1,0,0,33525
404,0,1,0,1,0,0,31985
481,0,0,1,1,0,0,32206
414,0,0,1,1,0,0,22400
336,0,1,0,1,0,0,31148
394,1,0,0,1,0,0,17327
330,1,0,0,1,0,0,18376
422,1,0,0,1,0,0,23325
446,0,0,1,1,0,0,25676
369,0,1,0,1,0,0,33539
464,0,1,0,1,0,0,19686
432,1,0,0,1,0,0,30722
488,0,0,1,1,0,0,21992
491,0,0,1,1,0,0,24430
445,0,0,1,1,0,0,20638
351,0,0,1,1,0,0,29018
389,0,1,0,1,0,0,18520
445,0,0,1,1,0,0,27403
469,0,1,0,1,0,0,21836
449,0,1,0,1,0,0,26391
423,0,1,0,1,0,0,32475
373,1,0,0,1,0,0,34304
449,1,0,0,1,0,0,32793
425,0,1,0,1,0,0,21831
318,0,0,1,1,0,0,20890
449,1,0,0,1,0,0,31031
440,0,1,0,1,0,0,23235
371,0,1,0,1,0,0,19829
378,1,0,0,1,0,0,26632
404,1,0,0,1,0,0,36596
339,1,0,0,1,0,0,25072
393,0,0,1,1,0,0,35793
400,0,0,1,1,0,0,18248
466,0,0,1,1,0,0,24922
450,0,1,0,1,0,0,32070
500,0,1,0,1,0,0,20649
344,1,0,0,1,0,0,33793
451,1,0,0,1,0,0,28494
347,0,0,1,1,0,0,22157
397,0,1,0,1,0,0,26742
456,1,0,0,1,0,0,20481
438,1,0,0,1,0,0,31819
461,1,0,0,1,0,0,35904
467,0,1,0,1,0,0,25680
451,1,0,0,1,0,0,30808
488,1,0,0,1,0,0,26678
359,0,1,0,1,0,0,27488
413,0,0,1,1,0,0,29167
378,0,1,0,1,0,0,32303
436,0,0,1,1,0,0,36245
342,0,1,0,1,0,0,19620
385,1,0,0,1,0,0,28828
387,1,0,0,1,0,0,35248
456,1,0,0,1,0,0,21041
464,0,1,0,1,0,0,25650
387,0,0,1,1,0,0,20243
409,0,0,1,1,0,0,19284
332,0,0,1,1,0,0,25884
315,0,1,0,1,0,0,23664
365,0,0,1,1,0,0,28800
436,1,0,0,1,0,0,24548
466,0,0,1,1,0,0,19441
387,0,0,1,1,0,0,35636
426,0,0,1,1,0,0,23156
338,0,0,1,1,0,0,18494
431,0,1,0,1,0,0,22641
370,0,1,0,1,0,0,22244
371,0,0,1,1,0,0,28075
456,1,0,0,1,0,0,30099
308,1,0,0,1,0,0,34306
386,1,0,0,1,0,0,18383
328,0,0,1,1,0,0,26555
312,0,1,0,1,0,0,35184
348,1,0,0,1,0,0,22381
480,0,0,1,1,0,0,26181
343,0,1,0,1,0,0,35549
483,0,0,1,1,0,0,26692
354,1,0,0,1,0,0,28093
364,0,1,0,1,0,0,17764
467,0,0,1,1,0,0,30451
416,0,0,1,1,0,0,25754
310,1,0,0,1,0,0,34155
446,0,0,1,1,0,0,25287
447,1,0,0,1,0,0,20039
468,0,0,1,1,0,0,23074
391,1,0,0,1,0,0,26731
407,0,1,0,1,0,0,17446
330,0,1,0,1,0,0,35954
430,0,1,0,1,0,0,28110
387,0,1,0,1,0,0,17814
453,1,0,0,1,0,0,21378
446,1,0,0,1,0,0,27198
430,1,0,0,1,0,0,21111
339,0,1,0,1,0,0,26414
323,0,0,1,1,0,0,19714
442,1,0,0,1,0,0,31422
410,1,0,0,1,0,0,23866
420,0,1,0,1,0,0,17839
420,0,1,0,1,0,0,34749
297,1,0,0,1,0,0,28379
367,1,0,0,1,0,0,36449
451,1,0,0,1,0,0,34243
441,0,1,0,1,0,0,36009
351,0,1,0,1,0,0,24806
313,0,1,0,1,0,0,31933
358,0,1,0,1,0,0,23707
452,0,0,1,1,0,0,26779
346,1,0,0,1,0,0,23033
365,0,1,0,1,0,0,33224
307,0,0,1,1,0,0,24255
465,1,0,0,1,0,0,23681
363,0,1,0,1,0,0,21377
447,0,0,1,1,0,0,29781
470,0,0,1,1,0,0,25990
395,0,1,0,1,0,0,21576
362,0,0,1,1,0,0,19288
471,0,0,1,1,0,0,36844
488,0,0,1,1,0,0,26550
297,1,0,0,1,0,0,35351
342,0,1,0,1,0,0,17103
434,0,1,0,1,0,0,24751
481,0,1,0,1,0,0,29728
396,0,1,0,1,0,0,25524
430,0,1,0,1,0,0,30611
478,0,0,1,1,0,0,19239
314,0,1,0,1,0,0,19966
434,1,0,0,1,0,0,22026
355,0,0,1,1,0,0,25089
300,0,0,1,1,0,0,36608
319,0,0,1,1,0,0,34557
428,1,0,0,1,0,0,36279
338,1,0,0,1,0,0,17235
500,0,1,0,1,0,0,23231
392,0,0,1,1,0,0,33098
345,0,0,1,1,0,0,22372
451,1,0,0,1,0,0,17286
447,0,0,1,1,0,0,24667
467,0,1,0,1,0,0,27301
305,0,1,0,1,0,0,31869
392,0,1,0,1,0,0,30222
315,0,1,0,1,0,0,22708
448,1,0,0,1,0,0,32412
341,1,0,0,1,0,0,25074
420,0,0,1,1,0,0,28817
440,0,0,1,1,0,0,33751
434,1,0,0,1,0,0,34738
493,1,0,0,1,0,0,21182
356,0,0,1,1,0,0,20732
392,0,0,1,1,0,0,33776
294,0,0,1,1,0,0,21166
453,0,0,1,1,0,0,31650
302,1,0,0,1,0,0,24181
362,1,0,0,1,0,0,33706
455,0,0,1,1,0,0,36793
391,0,1,0,1,0,0,17292
427,1,0,0,1,0,0,19361
313,1,0,0,1,0,0,26575
346,0,1,0,1,0,0,20119
405,0,1,0,1,0,0,19056
328,1,0,0,1,0,0,31610
339,0,0,1,1,0,0,28359
314,0,0,1,1,0,0,23835
403,1,0,0,1,0,0,34769
442,1,0,0,1,0,0,27195
354,0,1,0,1,0,0,35810
477,1,0,0,1,0,0,28569
443,0,0,1,1,0,0,21239
370,0,1,0,1,0,0,18888
368,0,0,1,1,0,0,22858
349,0,0,1,1,0,0,23029
475,0,0,1,1,0,0,34709
343,0,1,0,1,0,0,31834
374,0,0,1,1,0,0,20372
279,0,1,0,1,0,0,36869
402,1,0,0,1,0,0,34060
394,0,1,0,1,0,0,27713
361,0,1,0,1,0,0,22665
346,0,1,0,1,0,0,27641
289,0,1,0,1,0,0,28198
392,0,1,0,1,0,0,23639
482,0,0,1,1,0,0,36116
293,1,0,0,1,0,0,35684
303,0,1,0,1,0,0,31784
377,1,0,0,1,0,0,33318
348,1,0,0,1,0,0,31900
423,0,1,0,1,0,0,32300
439,1,0,0,1,0,0,25620
463,0,1,0,1,0,0,32108
467,1,0,0,1,0,0,25666
307,0,0,1,1,0,0,20724
387,1,0,0,1,0,0,33929
327,0,0,1,1,0,0,23762
404,0,0,1,1,0,0,29135
353,0,1,0,1,0,0,20707
428,0,1,0,1,0,0,29610
437,1,0,0,1,0,0,28407
281,0,0,1,1,0,0,18370
417,1,0,0,1,0,0,21181
401,0,1,0,1,0,0,23159
386,0,1,0,1,0,0,26397
313,0,0,1,1,0,0,26703
495,1,0,0,1,0,0,20777
431,0,1,0,1,0,0,34614
371,1,0,0,1,0,0,20970
379,1,0,0,1,0,0,36117
365,0,0,1,1,0,0,25419
433,1,0,0,1,0,0,33621
385,0,0,1,1,0,0,34501
354,0,1,0,1,0,0,20815
418,0,0,1,1,0,0,22083
358,1,0,0,1,0,0,36122
303,1,0,0,1,0,0,21537
474,0,0,1,1,0,0,22540
380,1,0,0,1,0,0,31893
314,0,1,0,1,0,0,21128
408,0,1,0,1,0,0,25091
474,1,0,0,1,0,0,29759
330,0,0,1,1,0,0,26071
334,0,0,1,1,0,0,34889
402,0,1,0,1,0,0,22959
378,0,0,1,1,0,0,25106
309,0,0,1,1,0,0,31655
358,0,1,0,1,0,0,28986
446,0,0,1,1,0,0,33015
314,1,0,0,1,0,0,27106
440,0,1,0,1,0,0,24994
416,0,0,1,1,0,0,34936
348,0,0,1,1,0,0,18860
507,0,0,1,1,0,0,26562
300,0,1,0,1,0,0,34439
428,0,0,1,1,0,0,20797
350,0,1,0,1,0,0,19193
444,0,0,1,1,0,0,33218
290,0,0,1,1,0,0,22178
323,1,0,0,1,0,0,25939
434,1,0,0,1,0,0,17926
443,1,0,0,1,0,0,23631
453,0,0,1,1,0,0,21358
461,0,1,0,1,0,0,26165
431,1,0,0,1,0,0,21744
314,1,0,0,1,0,0,26919
430,1,0,0,1,0,0,36619
346,0,0,1,1,0,0,34696
359,0,0,1,1,0,0,36248
375,0,0,1,1,0,0,20614
321,0,1,0,1,0,0,31186
292,0,1,0,1,0,0,19452
479,1,0,0,1,0,0,19687
337,0,1,0,1,0,0,33368
392,0,1,0,1,0,0,29359
411,0,0,1,1,0,0,29605
448,0,1,0,1,0,0,34963
318,0,0,1,1,0,0,18208
412,0,0,1,1,0,0,19791
299,1,0,0,1,0,0,28534
291,1,0,0,1,0,0,24659
311,0,1,0,1,0,0,25667
333,0,1,0,1,0,0,29737
405,0,0,1,1,0,0,20131
399,0,0,1,1,0,0,23196
411,0,1,0,1,0,0,26508
337,0,0,1,1,0,0,20680
365,0,1,0,1,0,0,30913
328,0,0,1,1,0,0,36819
460,0,0,1,1,0,0,20426
337,0,0,1,1,0,0,30667
377,0,1,0,1,0,0,24929
424,1,0,0,1,0,0,20035
403,0,1,0,1,0,0,27418
391,1,0,0,1,0,0,30500
352,0,0,1,1,0,0,24820
300,0,0,1,1,0,0,29396
339,1,0,0,1,0,0,25745
393,0,0,1,1,0,0,35404
368,0,0,1,1,0,0,34542
426,1,0,0,1,0,0,32433
400,0,0,1,1,0,0,23075
370,0,0,1,1,0,0,23421
382,0,1,0,1,0,0,24555
288,0,1,0,1,0,0,36065
454,0,0,1,1,0,0,22835
375,0,0,1,1,0,0,22935
397,0,0,1,1,0,0,24825
328,0,1,0,1,0,0,22884
405,0,1,0,1,0,0,18201
382,0,1,0,1,0,0,26369
461,0,0,1,1,0,0,26375
343,1,0,0,1,0,0,23120
484,0,0,1,1,0,0,33527
365,0,0,1,1,0,0,21749
390,1,0,0,1,0,0,22021
303,0,1,0,1,0,0,29747
449,0,1,0,1,0,0,23586
362,1,0,0,1,0,0,28142
358,1,0,0,1,0,0,36753
424,0,0,1,1,0,0,19697
344,1,0,0,1,0,0,23176
433,0,0,1,1,0,0,28799
463,1,0,0,1,0,0,18893
305,1,0,0,1,0,0,17362
325,1,0,0,1,0,0,20724
321,0,0,1,1,0,0,27695
487,0,0,1,1,0,0,27702
418,0,1,0,1,0,0,29178
387,0,1,0,1,0,0,28447
433,0,0,1,1,0,0,31858
448,0,1,0,1,0,0,22572
377,0,0,1,1,0,0,32866
391,1,0,0,1,0,0,23023
486,1,0,0,1,0,0,31825
425,0,0,1,1,0,0,34453
489,0,0,1,1,0,0,23538
442,0,0,1,1,0,0,22797
384,1,0,0,1,0,0,20046
486,0,0,1,1,0,0,35347
395,0,1,0,1,0,0,20979
332,0,1,0,1,0,0,19722
440,0,0,1,1,0,0,22734
332,0,0,1,1,0,0,25889
370,0,1,0,1,0,0,19701
358,1,0,0,1,0,0,32889
472,0,0,1,1,0,0,26311
348,0,1,0,1,0,0,17141
358,1,0,0,1,0,0,28930
392,1,0,0,1,0,0,32126
352,0,0,1,1,0,0,23941
328,0,0,1,1,0,0,35448
360,0,0,1,1,0,0,26676
403,1,0,0,1,0,0,17610
478,1,0,0,1,0,0,31014
332,0,0,1,1,0,0,21574
368,1,0,0,1,0,0,28333
457,1,0,0,1,0,0,22633
331,0,0,1,1,0,0,28712
455,0,0,1,1,0,0,27972
410,0,1,0,1,0,0,21234
336,1,0,0,1,0,0,35791
381,0,0,1,1,0,0,33648
430,1,0,0,1,0,0,22435
428,1,0,0,1,0,0,31926
417,0,1,0,1,0,0,25367
376,0,1,0,1,0,0,23330
338,0,0,1,1,0,0,24280
454,0,1,0,1,0,0,36581
445,1,0,0,1,0,0,24280
450,1,0,0,1,0,0,32025
436,1,0,0,1,0,0,19491
447,0,1,0,1,0,0,24906
302,0,0,1,1,0,0,31010
396,1,0,0,1,0,0,27556
435,0,1,0,1,0,0,29932
388,0,1,0,1,0,0,27935
312,0,1,0,1,0,0,25326
423,1,0,0,1,0,0,17097
467,1,0,0,1,0,0,35644
359,1,0,0,1,0,0,29299
375,1,0,0,1,0,0,31559
491,0,0,1,1,0,0,28217
323,1,0,0,1,0,0,28061
324,0,1,0,1,0,0,21548
309,0,0,1,1,0,0,18458
310,0,0,1,1,0,0,33456
461,1,0,0,1,0,0,26447
370,0,1,0,1,0,0,18326
390,0,0,1,1,0,0,18606
354,0,0,1,1,0,0,19867
408,0,0,1,1,0,0,36492
367,0,1,0,1,0,0,36384
322,1,0,0,1,0,0,20833
424,0,1,0,1,0,0,33567
403,0,0,1,1,0,0,28455
377,1,0,0,1,0,0,25509
441,1,0,0,1,0,0,27106
467,0,1,0,1,0,0,19412
371,1,0,0,1,0,0,19023
438,0,0,1,1,0,0,36897
380,0,1,0,1,0,0,36424
291,0,1,0,1,0,0,24209
342,0,1,0,1,0,0,21028
448,0,1,0,1,0,0,35952
350,0,0,1,1,0,0,17536
333,1,0,0,1,0,0,33096
326,0,1,0,1,0,0,24823
401,0,0,1,1,0,0,32846
416,0,0,1,1,0,0,34261
416,0,0,1,1,0,0,29508
405,0,0,1,1,0,0,36909
292,1,0,0,1,0,0,28004
322,1,0,0,1,0,0,36305
447,0,1,0,1,0,0,19328
352,0,1,0,1,0,0,22198
380,1,0,0,1,0,0,31636
390,0,0,1,1,0,0,19886
383,0,1,0,1,0,0,19793
381,0,0,1,1,0,0,29744
383,0,1,0,1,0,0,21370
362,0,1,0,1,0,0,35611
453,0,1,0,1,0,0,31031
469,0,1,0,1,0,0,34691
464,0,0,1,1,0,0,35622
366,0,0,1,1,0,0,30286
360,0,0,1,1,0,0,30102
301,0,0,1,1,0,0,28702
340,1,0,0,1,0,0,31222
289,1,0,0,1,0,0,24209
332,1,0,0,1,0,0,34805
345,0,0,1,1,0,0,25632
412,1,0,0,1,0,0,19551
394,0,1,0,1,0,0,25584
346,1,0,0,1,0,0,23223
386,0,1,0,1,0,0,35970
426,0,0,1,1,0,0,21322
416,0,0,1,1,0,0,29940
399,0,0,1,1,0,0,36738
351,0,1,0,1,0,0,28691
480,1,0,0,1,0,0,22826
395,0,0,1,1,0,0,36823
419,1,0,0,1,0,0,30462
399,1,0,0,1,0,0,30137
353,0,1,0,1,0,0,29762
336,0,1,0,1,0,0,35286
356,0,1,0,1,0,0,24088
452,0,0,1,1,0,0,17046
336,0,0,1,1,0,0,27680
295,0,0,1,1,0,0,23406
374,0,0,1,1,0,0,24581
499,1,0,0,1,0,0,20555
385,1,0,0,1,0,0,25775
408,0,0,1,1,0,0,30925
435,0,1,0,1,0,0,29588
386,0,0,1,1,0,0,30020
425,0,0,1,1,0,0,18583
460,0,1,0,1,0,0,17643
316,1,0,0,1,0,0,29199
356,0,0,1,1,0,0,18536
385,0,1,0,1,0,0,18404
410,1,0,0,1,0,0,22568
390,0,0,1,1,0,0,36442
480,0,0,1,1,0,0,26443
326,0,0,1,1,0,0,17473
406,1,0,0,1,0,0,17918
308,1,0,0,1,0,0,23996
438,1,0,0,1,0,0,29179
353,0,1,0,1,0,0,25385
307,0,0,1,1,0,0,29108
483,0,0,1,1,0,0,35314
498,1,0,0,1,0,0,20316
313,0,0,1,1,0,0,27971
400,0,0,1,1,0,0,27991
351,0,1,0,1,0,0,17563
351,1,0,0,1,0,0,20028
365,0,0,1,1,0,0,31314
382,1,0,0,1,0,0,26265
463,0,1,0,1,0,0,32100
412,1,0,0,1,0,0,25903
322,0,1,0,1,0,0,35986
467,1,0,0,1,0,0,35842
406,0,1,0,1,0,0,36063
305,0,1,0,1,0,0,20740
287,1,0,0,1,0,0,23483
394,0,0,1,1,0,0,17145
421,0,1,0,1,0,0,29758
477,1,0,0,1,0,0,21074
431,1,0,0,1,0,0,26057
351,0,1,0,1,0,0,29756
378,1,0,0,1,0,0,28627
328,1,0,0,1,0,0,30114
445,0,1,0,1,0,0,32706
320,0,1,0,1,0,0,18986
340,1,0,0,1,0,0,29716
492,0,0,1,1,0,0,22353
365,1,0,0,1,0,0,31305
450,0,1,0,1,0,0,32663
361,1,0,0,1,0,0,20978
331,0,0,1,1,0,0,36917
416,0,1,0,1,0,0,19645
396,0,1,0,1,0,0,20728
306,0,0,1,1,0,0,33063
418,0,0,1,1,0,0,30145
367,0,0,1,1,0,0,34841
346,1,0,0,1,0,0,28760
374,0,1,0,1,0,0,26586
334,1,0,0,1,0,0,31840
332,0,1,0,1,0,0,24796
373,1,0,0,1,0,0,21581
333,1,0,0,1,0,0,35843
446,1,0,0,1,0,0,18405
275,0,0,1,1,0,0,20357
335,0,1,0,1,0,0,23770
270,0,0,1,1,0,0,17478
400,0,1,0,1,0,0,26660
421,0,0,1,1,0,0,32370
424,1,0,0,1,0,0,17581
351,0,1,0,1,0,0,17889
414,0,1,0,1,0,0,35019
332,0,1,0,1,0,0,17589
318,0,1,0,1,0,0,27099
466,0,1,0,1,0,0,33442
506,1,0,0,1,0,0,23115
388,0,1,0,1,0,0,23980
327,0,0,1,1,0,0,24322
483,0,1,0,1,0,0,18244
389,0,1,0,1,0,0,33198
327,0,1,0,1,0,0,35613
360,0,0,1,1,0,0,23408
377,0,0,1,1,0,0,25831
449,0,1,0,1,0,0,36490
370,1,0,0,1,0,0,36100
447,0,1,0,1,0,0,34719
399,0,1,0,1,0,0,18790
392,0,0,1,1,0,0,29252
354,1,0,0,1,0,0,22478
385,0,0,1,1,0,0,21461
452,0,1,0,1,0,0,17263
305,0,0,1,1,0,0,26576
375,1,0,0,1,0,0,36879
303,0,0,1,1,0,0,20353
295,0,1,0,1,0,0,35062
320,1,0,0,1,0,0,24079
402,0,0,1,1,0,0,36307
405,0,0,1,1,0,0,36353
367,0,0,1,1,0,0,21257
289,0,1,0,1,0,0,24013
416,0,1,0,1,0,0,28660
337,0,0,1,1,0,0,27039
325,0,0,1,1,0,0,24756
273,0,0,1,1,0,0,34231
394,0,0,1,1,0,0,30757
483,0,1,0,1,0,0,33401
352,1,0,0,1,0,0,17441
388,1,0,0,1,0,0,35644
413,0,1,0,1,0,0,36839
347,0,0,1,1,0,0,20840
329,0,0,1,1,0,0,30056
424,0,0,1,1,0,0,36838
299,0,0,1,1,0,0,28063
381,0,0,1,1,0,0,31340
294,1,0,0,1,0,0,19053
471,1,0,0,1,0,0,19020
382,0,1,0,1,0,0,21180
338,0,1,0,1,0,0,32471
462,0,0,1,1,0,0,33989
409,0,0,1,1,0,0,21006
378,1,0,0,1,0,0,22776
389,0,0,1,1,0,0,18749
378,1,0,0,1,0,0,32024
335,0,1,0,1,0,0,33967
495,0,0,1,1,0,0,28618
400,0,1,0,1,0,0,20869
461,1,0,0,1,0,0,18014
445,1,0,0,1,0,0,24189
370,1,0,0,1,0,0,35339
436,1,0,0,1,0,0,35090
350,0,0,1,1,0,0,17745
397,1,0,0,1,0,0,19773
469,0,1,0,1,0,0,27207
286,0,0,1,1,0,0,36007
482,0,0,1,1,0,0,19857
418,0,1,0,1,0,0,17394
417,0,0,1,1,0,0,34613
336,0,1,0,1,0,0,24728
382,0,1,0,1,0,0,29503
469,1,0,0,1,0,0,26866
417,1,0,0,1,0,0,17316
325,1,0,0,1,0,0,36554
295,0,0,1,1,0,0,28146
359,0,0,1,1,0,0,33207
437,1,0,0,1,0,0,25837
441,0,1,0,1,0,0,27514
387,1,0,0,1,0,0,35015
331,1,0,0,1,0,0,35419
366,0,1,0,1,0,0,19192
330,0,1,0,1,0,0,22502
412,0,1,0,1,0,0,19185
420,0,0,1,1,0,0,36279
366,0,0,1,1,0,0,35352
399,1,0,0,1,0,0,24602
405,0,1,0,1,0,0,19127
391,1,0,0,1,0,0,17704
406,1,0,0,1,0,0,31965
370,0,0,1,1,0,0,24872
505,0,0,1,1,0,0,17073
351,0,1,0,1,0,0,27328
489,1,0,0,1,0,0,29170
319,0,0,1,1,0,0,28601
348,0,1,0,1,0,0,19019
446,0,1,0,1,0,0,30913
492,0,1,0,1,0,0,23907
335,1,0,0,1,0,0,20688
468,0,0,1,1,0,0,25251
303,0,0,1,1,0,0,26021
418,0,0,1,1,0,0,28096
300,0,1,0,1,0,0,31881
454,1,0,0,1,0,0,33207
406,0,1,0,1,0,0,36697
440,1,0,0,1,0,0,19956
424,0,1,0,1,0,0,25276
334,0,0,1,1,0,0,23454
325,1,0,0,1,0,0,20429
412,1,0,0,1,0,0,27179
445,1,0,0,1,0,0,33096
342,0,0,1,1,0,0,22189
413,0,0,1,1,0,0,23831
336,1,0,0,1,0,0,25689
461,1,0,0,1,0,0,28537
328,0,1,0,1,0,0,29163
412,0,0,1,1,0,0,20061
378,0,0,1,1,0,0,36687
483,0,0,1,1,0,0,24865
304,1,0,0,1,0,0,30642
472,0,1,0,1,0,0,17747
415,0,1,0,1,0,0,33297
415,0,0,1,1,0,0,27839
296,0,1,0,1,0,0,35354
352,0,1,0,1,0,0,35669
341,0,0,1,1,0,0,23279
348,1,0,0,1,0,0,23315
375,0,0,1,1,0,0,28268
371,0,1,0,1,0,0,30111
461,1,0,0,1,0,0,27498
408,0,0,1,1,0,0,19076
462,0,0,1,1,0,0,21913
484,0,1,0,1,0,0,21483
375,0,0,1,1,0,0,36612
447,0,1,0,1,0,0,21323
370,0,0,1,1,0,0,24401
400,1,0,0,1,0,0,34600
411,1,0,0,1,0,0,29929
323,0,0,1,1,0,0,24448
358,0,1,0,1,0,0,25515
314,0,1,0,1,0,0,25089
408,1,0,0,1,0,0,27939
417,0,1,0,1,0,0,20751
319,0,1,0,1,0,0,17908
441,0,0,1,1,0,0,31755
470,0,1,0,1,0,0,22893
379,0,0,1,1,0,0,35680
375,0,1,0,1,0,0,25111
497,0,0,1,1,0,0,31550
370,0,1,0,1,0,0,18999
477,0,0,1,1,0,0,27750
461,1,0,0,1,0,0,30651
458,0,1,0,1,0,0,30477
402,0,0,1,1,0,0,34942
345,1,0,0,1,0,0,30003
382,0,1,0,1,0,0,32418
318,0,0,1,1,0,0,22595
339,1,0,0,1,0,0,27028
366,0,0,1,1,0,0,33736
357,1,0,0,1,0,0,19764
394,1,0,0,1,0,0,24896
358,0,1,0,1,0,0,21152
318,0,1,0,1,0,0,20550
329,1,0,0,1,0,0,32292
323,0,1,0,1,0,0,24476
365,0,0,1,1,0,0,32574
351,0,0,1,1,0,0,21204
372,0,0,1,1,0,0,19556
288,0,0,1,1,0,0,22065
457,0,0,1,1,0,0,20032
386,1,0,0,1,0,0,21742
420,1,0,0,1,0,0,32515
440,0,0,1,1,0,0,34611
442,0,1,0,1,0,0,32618
338,0,0,1,1,0,0,35948
457,1,0,0,1,0,0,29395
381,0,0,1,1,0,0,22329
302,1,0,0,1,0,0,26854
472,1,0,0,1,0,0,34939
302,0,1,0,1,0,0,30736
429,0,0,1,1,0,0,30475
494,0,1,0,1,0,0,30230
412,1,0,0,1,0,0,36575
460,0,1,0,1,0,0,32941
348,1,0,0,1,0,0,36013
422,0,1,0,1,0,0,19275
352,1,0,0,1,0,0,18967
324,0,0,1,1,0,0,21398
419,0,0,1,1,0,0,33116
522,0,1,0,1,0,0,26496
371,0,0,1,1,0,0,20732
495,0,0,1,1,0,0,26732
456,0,0,1,1,0,0,29038
468,0,1,0,1,0,0,20039
381,0,0,1,1,0,0,22599
380,0,0,1,1,0,0,34416
418,1,0,0,1,0,0,33999
387,0,0,1,1,0,0,26871
448,1,0,0,1,0,0,35283
372,0,0,1,1,0,0,22950
488,0,0,1,1,0,0,32530
451,0,0,1,1,0,0,29176
331,0,1,0,1,0,0,25792
519,0,1,0,1,0,0,23355
440,1,0,0,1,0,0,27318
301,0,1,0,1,0,0,24479
308,0,0,1,1,0,0,30679
477,0,1,0,1,0,0,35485
365,0,0,1,1,0,0,28907
423,0,0,1,1,0,0,30227
451,0,0,1,1,0,0,19002
421,0,0,1,1,0,0,28108
390,0,1,0,1,0,0,31899
501,1,0,0,1,0,0,34571
312,0,1,0,1,0,0,25993
506,0,1,0,1,0,0,33229
379,0,0,1,1,0,0,28504
483,1,0,0,1,0,0,27608
455,1,0,0,1,0,0,18176
331,1,0,0,1,0,0,25864
505,0,1,0,1,0,0,35185
401,1,0,0,1,0,0,19378
426,0,0,1,1,0,0,35269
385,0,0,1,1,0,0,18191
417,0,1,0,1,0,0,22999
384,1,0,0,1,0,0,19020
415,0,1,0,1,0,0,29032
275,1,0,0,1,0,0,36952
376,1,0,0,1,0,0,36173
307,1,0,0,1,0,0,25694
350,0,1,0,1,0,0,24228
496,0,0,1,1,0,0,23610
476,0,1,0,1,0,0,21416
349,1,0,0,1,0,0,30122
402,1,0,0,1,0,0,22132
394,0,0,1,1,0,0,19997
495,0,0,1,1,0,0,36389
369,0,0,1,1,0,0,33991
434,0,0,1,1,0,0,21009
450,0,0,1,1,0,0,21038
407,0,0,1,1,0,0,24515
341,0,1,0,1,0,0,30268
456,1,0,0,1,0,0,35101
398,1,0,0,1,0,0,17137
314,0,0,1,1,0,0,33580
320,0,1,0,1,0,0,19080
330,0,0,1,1,0,0,30570
296,0,0,1,1,0,0,19525
446,0,1,0,1,0,0,29127
399,0,1,0,1,0,0,33168
370,1,0,0,1,0,0,17672
279,0,0,1,1,0,0,32434
368,0,1,0,1,0,0,22071
389,0,1,0,1,0,0,21195
436,0,0,1,1,0,0,26716
371,0,0,1,1,0,0,20730
286,1,0,0,1,0,0,18888
469,0,0,1,1,0,0,25580
435,0,1,0,1,0,0,36590
320,1,0,0,1,0,0,29011
314,0,1,0,1,0,0,34257
380,1,0,0,1,0,0,31672
335,1,0,0,1,0,0,33415
509,0,1,0,1,0,0,32335
355,1,0,0,1,0,0,26945
437,0,1,0,1,0,0,36633
394,0,0,1,1,0,0,22531
307,0,0,1,1,0,0,18940
336,1,0,0,1,0,0,35805
416,1,0,0,1,0,0,21441
313,0,1,0,1,0,0,18559
488,0,0,1,1,0,0,29928
446,0,0,1,1,0,0,29427
410,0,1,0,1,0,0,17828
354,0,0,1,1,0,0,24858
444,0,1,0,1,0,0,30724
325,1,0,0,1,0,0,19167
310,1,0,0,1,0,0,32782
394,0,1,0,1,0,0,22898
442,0,1,0,1,0,0,35771
317,0,0,1,1,0,0,22407
394,0,0,1,1,0,0,19146
349,0,0,1,1,0,0,36811
355,0,1,0,1,0,0,18738
325,0,1,0,1,0,0,24223
330,0,0,1,1,0,0,35877
357,0,0,1,1,0,0,31398
301,1,0,0,1,0,0,21879
389,1,0,0,1,0,0,18955
473,0,1,0,1,0,0,31330
351,1,0,0,1,0,0,34086
398,1,0,0,1,0,0,29474
381,0,1,0,1,0,0,17788
418,0,0,1,1,0,0,17437
392,1,0,0,1,0,0,26862
376,0,1,0,1,0,0,17544
447,0,0,1,1,0,0,20022
337,0,1,0,1,0,0,25360
456,0,0,1,1,0,0,33666
327,0,1,0,1,0,0,20418
487,0,0,1,1,0,0,20140
368,0,1,0,1,0,0,36834
372,1,0,0,1,0,0,20243
401,1,0,0,1,0,0,19207
337,1,0,0,1,0,0,19577
335,1,0,0,1,0,0,31804
435,0,1,0,1,0,0,21534
334,0,1,0,1,0,0,24666
380,1,0,0,1,0,0,32915
324,1,0,0,1,0,0,19620
483,0,1,0,1,0,0,24071
450,0,0,1,1,0,0,22680
342,1,0,0,1,0,0,21776
415,0,1,0,1,0,0,34107
398,0,1,0,1,0,0,27595
306,0,1,0,1,0,0,19497
313,1,0,0,1,0,0,22199
313,0,0,1,1,0,0,34004
343,0,1,0,1,0,0,33801
415,1,0,0,1,0,0,36549
425,0,1,0,1,0,0,23178
389,1,0,0,1,0,0,19588
366,0,0,1,1,0,0,36036
295,0,1,0,1,0,0,25002
445,1,0,0,1,0,0,31816
277,0,0,1,1,0,0,28470
373,0,1,0,1,0,0,36780
382,1,0,0,1,0,0,19436
447,1,0,0,1,0,0,32706
326,0,1,0,1,0,0,19970
375,0,0,1,1,0,0,20370
380,1,0,0,1,0,0,24231
383,0,1,0,1,0,0,19315
455,0,0,1,1,0,0,29140
286,1,0,0,1,0,0,29314
364,0,0,1,1,0,0,25820
404,1,0,0,1,0,0,30535
323,0,1,0,1,0,0,26628
337,0,0,1,1,0,0,30982
404,0,0,1,1,0,0,18897
463,0,1,0,1,0,0,23999
358,0,1,0,1,0,0,34592
458,1,0,0,1,0,0,20681
382,1,0,0,1,0,0,22432
404,0,1,0,1,0,0,29377
351,1,0,0,1,0,0,27147
346,1,0,0,1,0,0,36372
482,0,0,1,1,0,0,36667
394,1,0,0,1,0,0,21229
312,0,0,1,1,0,0,24098
444,0,0,1,1,0,0,20553
316,0,1,0,1,0,0,29837
416,1,0,0,1,0,0,25159
378,0,0,1,1,0,0,20102
442,0,0,1,1,0,0,24255
439,0,1,0,1,0,0,18332
352,0,1,0,1,0,0,22768
442,0,0,1,1,0,0,21610
271,1,0,0,1,0,0,36815
348,1,0,0,1,0,0,24807
465,1,0,0,1,0,0,21390
326,0,1,0,1,0,0,33302
399,0,0,1,1,0,0,26507
417,1,0,0,1,0,0,24432
333,0,0,1,1,0,0,29563
418,1,0,0,1,0,0,34221
331,1,0,0,1,0,0,24884
343,1,0,0,1,0,0,27172
477,0,0,1,1,0,0,18927
313,1,0,0,1,0,0,26726
402,0,0,1,1,0,0,33814
459,1,0,0,1,0,0,19106
356,0,1,0,1,0,0,36574
417,0,1,0,1,0,0,30177
405,0,1,0,1,0,0,26154
303,0,0,1,1,0,0,23684
399,1,0,0,1,0,0,24472
359,1,0,0,1,0,0,36112
382,0,0,1,1,0,0,30634
348,0,1,0,1,0,0,23228
302,0,0,1,1,0,0,19551
412,0,1,0,1,0,0,26771
388,0,1,0,1,0,0,28271
471,0,1,0,1,0,0,28959
429,0,0,1,1,0,0,21153
355,0,1,0,1,0,0,31150
345,1,0,0,1,0,0,34613
357,1,0,0,1,0,0,31827
442,1,0,0,1,0,0,24882
428,0,1,0,1,0,0,20382
491,0,0,1,1,0,0,26739
443,1,0,0,1,0,0,32125
441,0,1,0,1,0,0,35286
364,0,0,1,1,0,0,32976
328,1,0,0,1,0,0,34918
369,0,0,1,1,0,0,24597
489,0,1,0,1,0,0,29794
335,1,0,0,1,0,0,25170
332,1,0,0,1,0,0,35357
363,1,0,0,1,0,0,24160
407,0,1,0,1,0,0,22774
442,0,0,1,1,0,0,36448
311,0,1,0,1,0,0,31736
330,1,0,0,1,0,0,31217
496,1,0,0,1,0,0,34852
319,1,0,0,1,0,0,23683
439,1,0,0,1,0,0,27185
480,0,0,1,1,0,0,25273
411,1,0,0,1,0,0,30411
397,0,0,1,1,0,0,17088
423,0,1,0,1,0,0,30841
344,0,1,0,1,0,0,22149
494,1,0,0,1,0,0,27203
367,0,0,1,1,0,0,26593
320,1,0,0,1,0,0,34572
448,0,1,0,1,0,0,29154
341,0,1,0,1,0,0,29649
343,1,0,0,1,0,0,32161
473,1,0,0,1,0,0,21311
328,0,0,1,0,1,0,2123
303,0,1,0,0,1,0,1942
313,1,0,0,0,1,0,1784
328,0,1,0,0,1,0,1637
258,0,1,0,0,1,0,842
297,0,1,0,0,1,0,651
302,0,0,1,0,1,0,2001
286,1,0,0,0,1,0,773
314,0,1,0,0,1,0,878
324,0,1,0,0,1,0,769
311,0,0,1,0,1,0,1640
301,1,0,0,0,1,0,1757
331,0,1,0,0,1,0,1310
273,0,1,0,0,1,0,1813
245,1,0,0,0,1,0,676
286,0,0,1,0,1,0,2414
308,0,0,1,0,1,0,2285
301,1,0,0,0,1,0,2372
282,1,0,0,0,1,0,2374
325,1,0,0,0,1,0,2263
270,1,0,0,0,1,0,695
306,1,0,0,0,1,0,1384
318,1,0,0,0,1,0,1176
291,0,0,1,0,1,0,2419
316,1,0,0,0,1,0,1435
297,0,1,0,0,1,0,967
305,0,0,1,0,1,0,2164
272,0,1,0,0,1,0,2266
318,0,0,1,0,1,0,824
264,0,0,1,0,1,0,2064
298,0,0,1,0,1,0,1731
282,0,0,1,0,1,0,1772
316,0,0,1,0,1,0,1986
290,0,1,0,0,1,0,1030
301,0,0,1,0,1,0,1092
327,0,0,1,0,1,0,1399
281,1,0,0,0,1,0,1533
284,0,0,1,0,1,0,1823
315,1,0,0,0,1,0,2483
317,1,0,0,0,1,0,2167
312,1,0,0,0,1,0,2244
289,0,1,0,0,1,0,2085
322,0,1,0,0,1,0,1064
304,1,0,0,0,1,0,1725
319,1,0,0,0,1,0,1531
334,0,1,0,0,1,0,2012
332,0,1,0,0,1,0,1014
286,0,1,0,0,1,0,826
340,1,0,0,0,1,0,865
280,0,0,1,0,1,0,2013
307,1,0,0,0,1,0,1384
319,0,1,0,0,1,0,1791
279,1,0,0,0,1,0,633
293,0,0,1,0,1,0,1732
322,0,0,1,0,1,0,1646
265,1,0,0,0,1,0,2329
290,0,0,1,0,1,0,1609
310,0,0,1,0,1,0,1522
282,0,0,1,0,1,0,673
306,0,0,1,0,1,0,1387
306,1,0,0,0,1,0,2482
318,0,1,0,0,1,0,898
310,1,0,0,0,1,0,845
308,0,0,1,0,1,0,1099
313,1,0,0,0,1,0,1976
288,0,1,0,0,1,0,2370
286,0,0,1,0,1,0,2268
315,0,1,0,0,1,0,2127
302,0,1,0,0,1,0,1863
282,1,0,0,0,1,0,1084
280,0,0,1,0,1,0,2330
253,1,0,0,0,1,0,1889
296,0,0,1,0,1,0,789
316,0,1,0,0,1,0,1620
324,1,0,0,0,1,0,1020
311,0,0,1,0,1,0,1471
305,0,0,1,0,1,0,1383
311,0,0,1,0,1,0,2305
320,0,0,1,0,1,0,961
298,1,0,0,0,1,0,1441
282,0,0,1,0,1,0,1688
293,0,1,0,0,1,0,1665
277,1,0,0,0,1,0,1012
295,0,0,1,0,1,0,1485
292,1,0,0,0,1,0,829
304,0,1,0,0,1,0,2066
273,0,1,0,0,1,0,1952
305,0,1,0,0,1,0,1992
290,0,0,1,0,1,0,1563
315,0,1,0,0,1,0,1945
284,0,1,0,0,1,0,1661
311,0,1,0,0,1,0,1769
279,0,0,1,0,1,0,1646
297,0,0,1,0,1,0,1160
255,1,0,0,0,1,0,2106
314,1,0,0,0,1,0,1089
295,1,0,0,0,1,0,1447
296,1,0,0,0,1,0,1968
300,0,1,0,0,1,0,2307
279,0,1,0,0,1,0,1312
312,1,0,0,0,1,0,1015
304,0,0,1,0,1,0,1944
337,0,1,0,0,1,0,2394
339,1,0,0,0,1,0,2233
313,0,0,1,0,1,0,969
310,0,0,1,0,1,0,1633
289,0,0,1,0,1,0,1498
304,0,0,1,0,1,0,1260
287,0,0,1,0,1,0,1261
308,0,1,0,0,1,0,644
306,0,1,0,0,1,0,1900
289,0,1,0,0,1,0,1930
289,1,0,0,0,1,0,2209
285,0,1,0,0,1,0,868
301,0,0,1,0,1,0,876
303,1,0,0,0,1,0,799
285,0,0,1,0,1,0,1756
282,1,0,0,0,1,0,2015
289,0,0,1,0,1,0,2357
310,1,0,0,0,1,0,891
320,0,0,1,0,1,0,1912
312,0,0,1,0,1,0,1301
295,0,0,1,0,1,0,2139
306,0,0,1,0,1,0,2415
318,0,1,0,0,1,0,609
306,1,0,0,0,1,0,2112
319,0,0,1,0,1,0,2039
307,0,0,1,0,1,0,2163
280,0,1,0,0,1,0,1336
305,0,1,0,0,1,0,816
290,0,1,0,0,1,0,1918
325,1,0,0,0,1,0,1696
327,0,0,1,0,1,0,1703
305,0,0,1,0,1,0,1472
300,1,0,0,0,1,0,975
349,0,0,1,0,1,0,1061
325,0,1,0,0,1,0,661
324,1,0,0,0,1,0,2264
312,1,0,0,0,1,0,894
296,0,0,1,0,1,0,1948
273,0,0,1,0,1,0,1700
295,0,0,1,0,1,0,712
343,1,0,0,0,1,0,2203
307,0,1,0,0,1,0,1706
311,0,1,0,0,1,0,1111
299,0,1,0,0,1,0,1463
303,0,0,1,0,1,0,1596
292,0,1,0,0,1,0,802
343,0,1,0,0,1,0,1916
290,1,0,0,0,1,0,642
330,0,0,1,0,1,0,2132
309,1,0,0,0,1,0,1130
299,0,0,1,0,1,0,1813
294,0,0,1,0,1,0,1047
270,0,1,0,0,1,0,2161
285,1,0,0,0,1,0,1336
310,0,0,1,0,1,0,2306
298,0,1,0,0,1,0,1425
303,0,1,0,0,1,0,1305
290,1,0,0,0,1,0,1793
319,0,0,1,0,1,0,1190
329,0,1,0,0,1,0,1409
303,0,0,1,0,1,0,1054
314,1,0,0,0,1,0,703
265,1,0,0,0,1,0,643
326,0,0,1,0,1,0,1208
283,0,0,1,0,1,0,2489
299,0,1,0,0,1,0,729
333,0,1,0,0,1,0,865
298,1,0,0,0,1,0,2188
303,1,0,0,0,1,0,2357
327,1,0,0,0,1,0,2344
285,1,0,0,0,1,0,1364
318,1,0,0,0,1,0,2120
285,0,1,0,0,1,0,2172
258,1,0,0,0,1,0,1304
291,1,0,0,0,1,0,2174
317,1,0,0,0,1,0,1521
302,1,0,0,0,1,0,1938
312,1,0,0,0,1,0,1356
310,0,0,1,0,1,0,975
266,1,0,0,0,1,0,824
293,1,0,0,0,1,0,1222
280,0,1,0,0,1,0,1184
336,1,0,0,0,1,0,742
341,1,0,0,0,1,0,1055
299,0,1,0,0,1,0,1767
295,0,0,1,0,1,0,1865
336,1,0,0,0,1,0,1220
314,1,0,0,0,1,0,1563
278,0,1,0,0,1,0,995
334,0,0,1,0,1,0,722
283,0,0,1,0,1,0,843
299,0,0,1,0,1,0,2414
303,0,0,1,0,1,0,1429
322,0,0,1,0,1,0,1546
292,0,0,1,0,1,0,944
296,1,0,0,0,1,0,1204
293,0,0,1,0,1,0,2183
240,0,1,0,0,1,0,2479
303,1,0,0,0,1,0,900
275,0,0,1,0,1,0,1004
326,0,0,1,0,1,0,2399
282,0,0,1,0,1,0,1803
300,0,1,0,0,1,0,809
313,1,0,0,0,1,0,2032
265,0,0,1,0,1,0,2093
298,1,0,0,0,1,0,892
291,1,0,0,0,1,0,1528
327,0,1,0,0,1,0,1409
268,1,0,0,0,1,0,971
315,0,1,0,0,1,0,2177
330,0,0,1,0,1,0,1460
321,0,0,1,0,1,0,2289
309,0,1,0,0,1,0,863
287,1,0,0,0,1,0,1423
319,1,0,0,0,1,0,913
317,0,1,0,0,1,0,1626
305,0,0,1,0,1,0,2479
326,0,1,0,0,1,0,1083
289,1,0,0,0,1,0,754
312,0,0,1,0,1,0,1497
338,1,0,0,0,1,0,1069
306,1,0,0,0,1,0,1805
333,1,0,0,0,1,0,1139
310,0,0,1,0,1,0,791
302,0,1,0,0,1,0,990
304,1,0,0,0,1,0,2479
309,0,0,1,0,1,0,2148
307,1,0,0,0,1,0,1513
285,1,0,0,0,1,0,2406
289,0,1,0,0,1,0,610
317,0,0,1,0,1,0,1308
301,0,0,1,0,1,0,1857
313,0,1,0,0,1,0,1772
305,0,1,0,0,1,0,1646
304,0,0,1,0,1,0,2333
332,0,1,0,0,1,0,1996
286,0,1,0,0,1,0,2335
294,0,0,1,0,1,0,1036
315,1,0,0,0,1,0,2128
316,1,0,0,0,1,0,1774
296,0,1,0,0,1,0,2309
318,1,0,0,0,1,0,1603
319,1,0,0,0,1,0,1196
285,1,0,0,0,1,0,2069
301,0,0,1,0,1,0,1095
256,1,0,0,0,1,0,2067
285,0,0,1,0,1,0,1393
306,0,0,1,0,1,0,2045
321,0,0,1,0,1,0,2103
329,1,0,0,0,1,0,1270
281,0,0,1,0,1,0,1829
302,0,0,1,0,1,0,1630
331,0,1,0,0,1,0,2300
306,1,0,0,0,1,0,1940
310,0,0,1,0,1,0,2343
324,0,0,1,0,1,0,2323
293,0,1,0,0,1,0,1687
290,0,1,0,0,1,0,1513
282,0,0,1,0,1,0,2201
293,0,1,0,0,1,0,792
311,1,0,0,0,1,0,1147
301,0,1,0,0,1,0,944
290,0,0,1,0,1,0,2351
250,1,0,0,0,1,0,2007
316,1,0,0,0,1,0,733
286,0,0,1,0,1,0,929
305,0,1,0,0,1,0,1158
302,1,0,0,0,1,0,1697
248,0,0,1,0,1,0,1009
277,1,0,0,0,1,0,1536
290,1,0,0,0,1,0,1767
312,1,0,0,0,1,0,1536
314,0,0,1,0,1,0,1318
275,1,0,0,0,1,0,1353
340,1,0,0,0,1,0,1020
292,1,0,0,0,1,0,1442
303,1,0,0,0,1,0,617
298,0,0,1,0,1,0,1511
311,1,0,0,0,1,0,1329
271,0,1,0,0,1,0,1080
299,1,0,0,0,1,0,2011
321,0,1,0,0,1,0,1345
306,0,0,1,0,1,0,2131
287,0,1,0,0,1,0,2229
294,0,0,1,0,1,0,933
278,0,1,0,0,1,0,1800
306,1,0,0,0,1,0,1877
313,0,1,0,0,1,0,732
295,0,0,1,0,1,0,2452
290,0,1,0,0,1,0,1316
305,1,0,0,0,1,0,1049
321,0,0,1,0,1,0,730
337,0,1,0,0,1,0,2371
293,0,0,1,0,1,0,2082
308,0,1,0,0,1,0,617
301,0,0,1,0,1,0,1080
276,1,0,0,0,1,0,2161
308,0,0,1,0,1,0,989
316,0,1,0,0,1,0,1620
320,0,1,0,0,1,0,1560
310,1,0,0,0,1,0,756
312,1,0,0,0,1,0,1112
279,0,0,1,0,1,0,1554
296,1,0,0,0,1,0,1375
310,0,0,1,0,1,0,1968
290,1,0,0,0,1,0,1760
337,0,0,1,0,1,0,1191
323,0,0,1,0,1,0,1761
285,0,0,1,0,1,0,2238
232,0,0,1,0,1,0,1501
310,0,1,0,0,1,0,1937
305,0,0,1,0,1,0,1271
284,1,0,0,0,1,0,807
273,0,1,0,0,1,0,1765
306,0,1,0,0,1,0,2290
271,0,0,1,0,1,0,1827
332,0,1,0,0,1,0,2466
305,0,0,1,0,1,0,671
307,0,1,0,0,1,0,1172
321,0,0,1,0,1,0,1390
300,0,0,1,0,1,0,1999
283,0,1,0,0,1,0,630
337,1,0,0,0,1,0,756
283,1,0,0,0,1,0,1574
327,0,1,0,0,1,0,1018
239,0,0,1,0,1,0,1282
312,0,0,1,0,1,0,1903
289,0,0,1,0,1,0,1876
234,0,1,0,0,1,0,1175
230,1,0,0,0,1,0,1679
227,0,0,1,0,1,0,1817
311,0,0,1,0,1,0,1287
297,0,1,0,0,1,0,783
285,0,1,0,0,1,0,1204
284,0,0,1,0,1,0,632
294,0,1,0,0,1,0,2149
313,0,1,0,0,1,0,2040
299,0,1,0,0,1,0,2108
291,0,1,0,0,1,0,2385
317,0,1,0,0,1,0,1761
341,0,0,1,0,1,0,775
326,0,1,0,0,1,0,1416
298,1,0,0,0,1,0,1582
292,0,0,1,0,1,0,610
316,0,0,1,0,1,0,2059
279,0,0,1,0,1,0,1901
275,0,1,0,0,1,0,1490
304,1,0,0,0,1,0,934
325,1,0,0,0,1,0,1851
300,0,0,1,0,1,0,1591
316,1,0,0,0,1,0,2044
303,0,1,0,0,1,0,1862
303,1,0,0,0,1,0,936
267,1,0,0,0,1,0,1436
305,0,1,0,0,1,0,776
282,0,0,1,0,1,0,1806
305,0,1,0,0,1,0,1570
305,0,0,1,0,1,0,930
324,1,0,0,0,1,0,1459
329,0,0,1,0,1,0,1363
277,0,1,0,0,1,0,2373
304,0,1,0,0,1,0,957
311,1,0,0,0,1,0,1296
293,1,0,0,0,1,0,1084
295,0,1,0,0,1,0,1286
313,0,0,1,0,1,0,642
298,0,0,1,0,1,0,1710
320,0,1,0,0,1,0,1514
279,0,0,1,0,1,0,1065
284,1,0,0,0,1,0,711
294,0,0,1,0,1,0,815
318,0,0,1,0,1,0,880
304,0,1,0,0,1,0,1724
309,1,0,0,0,1,0,2102
284,0,1,0,0,1,0,873
313,0,0,1,0,1,0,1829
307,0,1,0,0,1,0,1206
321,0,1,0,0,1,0,1727
325,0,0,1,0,1,0,1533
295,1,0,0,0,1,0,1851
334,0,0,1,0,1,0,818
297,0,0,1,0,1,0,884
308,1,0,0,0,1,0,1705
306,0,1,0,0,1,0,1619
290,1,0,0,0,1,0,733
304,0,1,0,0,1,0,1785
260,0,0,1,0,1,0,760
314,1,0,0,0,1,0,1711
295,0,1,0,0,1,0,1884
312,0,1,0,0,1,0,1985
301,0,0,1,0,1,0,2139
283,1,0,0,0,1,0,2195
266,0,1,0,0,1,0,1206
307,1,0,0,0,1,0,1182
278,0,1,0,0,1,0,1970
301,0,1,0,0,1,0,1352
283,0,0,1,0,1,0,1417
285,1,0,0,0,1,0,1329
294,0,1,0,0,1,0,1208
267,0,1,0,0,1,0,2438
301,0,0,1,0,1,0,1329
308,0,0,1,0,1,0,608
301,0,1,0,0,1,0,1306
294,0,1,0,0,1,0,2294
321,0,0,1,0,1,0,885
249,0,1,0,0,1,0,2264
251,0,0,1,0,1,0,980
332,0,1,0,0,1,0,2390
309,0,1,0,0,1,0,1864
313,1,0,0,0,1,0,1482
299,0,0,1,0,1,0,1299
282,1,0,0,0,1,0,1162
313,0,0,1,0,1,0,1428
295,1,0,0,0,1,0,2426
317,0,1,0,0,1,0,2282
287,0,0,1,0,1,0,728
298,1,0,0,0,1,0,1219
296,0,1,0,0,1,0,2235
331,0,0,1,0,1,0,1377
279,0,1,0,0,1,0,1881
280,0,1,0,0,1,0,1088
305,1,0,0,0,1,0,797
273,0,0,1,0,1,0,1225
346,1,0,0,0,1,0,2311
274,0,1,0,0,1,0,1013
311,0,1,0,0,1,0,885
263,0,1,0,0,1,0,1063
327,1,0,0,0,1,0,1399
304,0,0,1,0,1,0,852
270,0,1,0,0,1,0,685
310,1,0,0,0,1,0,1991
289,1,0,0,0,1,0,1324
287,0,0,1,0,1,0,602
277,0,0,1,0,1,0,1860
288,1,0,0,0,1,0,660
325,0,0,1,0,1,0,1682
298,0,0,1,0,1,0,2402
311,0,1,0,0,1,0,1918
319,1,0,0,0,1,0,1381
288,1,0,0,0,1,0,1279
273,0,1,0,0,1,0,1268
315,0,1,0,0,1,0,1475
287,0,1,0,0,1,0,1038
258,0,0,1,0,1,0,2345
331,0,1,0,0,1,0,1336
326,0,1,0,0,1,0,1564
274,0,1,0,0,1,0,2433
318,1,0,0,0,1,0,2466
273,0,1,0,0,1,0,2002
333,0,0,1,0,1,0,1820
297,1,0,0,0,1,0,1855
309,0,1,0,0,1,0,796
301,0,1,0,0,1,0,1987
327,1,0,0,0,1,0,2350
312,1,0,0,0,1,0,1085
327,1,0,0,0,1,0,1616
296,0,0,1,0,1,0,660
277,0,1,0,0,1,0,2323
302,1,0,0,0,1,0,786
302,1,0,0,0,1,0,2062
282,1,0,0,0,1,0,702
317,0,0,1,0,1,0,1122
275,1,0,0,0,1,0,1920
272,0,1,0,0,1,0,623
316,0,0,1,0,1,0,1320
297,0,0,1,0,1,0,1971
296,1,0,0,0,1,0,2167
310,0,0,1,0,1,0,1232
309,0,1,0,0,1,0,1106
307,1,0,0,0,1,0,1806
298,0,0,1,0,1,0,2392
267,1,0,0,0,1,0,1380
319,0,0,1,0,1,0,763
326,0,1,0,0,1,0,1382
294,0,0,1,0,1,0,2449
263,1,0,0,0,1,0,2047
284,0,0,1,0,1,0,2333
317,0,1,0,0,1,0,1324
303,0,0,1,0,1,0,937
311,0,0,1,0,1,0,955
292,0,0,1,0,1,0,733
294,0,1,0,0,1,0,787
305,0,1,0,0,1,0,617
321,1,0,0,0,1,0,2343
319,1,0,0,0,1,0,2263
305,1,0,0,0,1,0,1073
305,0,1,0,0,1,0,986
308,0,1,0,0,1,0,2254
326,0,0,1,0,1,0,2248
282,0,0,1,0,1,0,1129
282,0,0,1,0,1,0,1977
333,0,0,1,0,1,0,1525
311,1,0,0,0,1,0,723
313,1,0,0,0,1,0,1669
317,0,1,0,0,1,0,1198
323,1,0,0,0,1,0,2079
314,0,0,1,0,1,0,1896
316,0,0,1,0,1,0,2002
294,0,0,1,0,1,0,2474
289,1,0,0,0,1,0,1113
303,0,1,0,0,1,0,1098
302,0,0,1,0,1,0,2043
265,0,1,0,0,1,0,1729
293,0,0,1,0,1,0,2174
319,1,0,0,0,1,0,2220
290,0,0,1,0,1,0,1247
304,1,0,0,0,1,0,2328
250,1,0,0,0,1,0,1105
309,0,1,0,0,1,0,2103
301,0,0,1,0,1,0,2389
311,1,0,0,0,1,0,1685
296,1,0,0,0,1,0,1700
286,0,1,0,0,1,0,986
320,0,0,1,0,1,0,664
309,0,0,1,0,1,0,1273
313,0,0,1,0,1,0,2071
323,0,0,1,0,1,0,2105
296,0,1,0,0,1,0,783
272,0,0,1,0,1,0,1057
299,0,0,1,0,1,0,1875
281,1,0,0,0,1,0,1901
305,0,1,0,0,1,0,2301
294,1,0,0,0,1,0,1586
302,0,0,1,0,1,0,1080
304,0,0,1,0,1,0,2078
312,0,0,1,0,1,0,1950
341,0,1,0,0,1,0,1335
283,0,0,1,0,1,0,1553
312,0,1,0,0,1,0,1146
288,1,0,0,0,1,0,867
311,0,1,0,0,1,0,1487
309,0,1,0,0,1,0,1364
288,1,0,0,0,1,0,692
299,1,0,0,0,1,0,1617
292,0,0,1,0,1,0,2374
291,0,0,1,0,1,0,2383
284,0,0,1,0,1,0,837
303,0,0,1,0,1,0,2296
334,1,0,0,0,1,0,870
340,0,0,1,0,1,0,1238
318,0,1,0,0,1,0,1453
288,0,0,1,0,1,0,1056
306,0,1,0,0,1,0,1226
321,1,0,0,0,1,0,1133
312,1,0,0,0,1,0,1029
296,0,0,1,0,1,0,726
330,0,0,1,0,1,0,619
281,0,0,1,0,1,0,2054
310,0,1,0,0,1,0,886
299,0,1,0,0,1,0,1494
295,1,0,0,0,1,0,1724
291,1,0,0,0,1,0,1193
319,1,0,0,0,1,0,1812
325,0,0,1,0,1,0,852
305,0,1,0,0,1,0,1070
309,1,0,0,0,1,0,2356
282,0,0,1,0,1,0,1500
293,0,0,1,0,1,0,2058
263,1,0,0,0,1,0,1281
304,0,1,0,0,1,0,632
313,0,0,1,0,1,0,1434
283,0,1,0,0,1,0,744
278,0,1,0,0,1,0,1135
279,0,1,0,0,1,0,1775
280,0,1,0,0,1,0,1512
300,0,0,1,0,1,0,1384
313,1,0,0,0,1,0,937
317,1,0,0,0,1,0,1616
315,0,0,1,0,1,0,2425
286,0,1,0,0,1,0,1536
279,0,0,1,0,1,0,2252
287,0,0,1,0,1,0,2233
294,0,0,1,0,1,0,2466
292,1,0,0,0,1,0,1813
325,1,0,0,0,1,0,652
266,0,0,1,0,1,0,806
318,1,0,0,0,1,0,2365
309,0,1,0,0,1,0,1864
303,0,1,0,0,1,0,2310
254,1,0,0,0,1,0,1147
329,0,1,0,0,1,0,873
256,1,0,0,0,1,0,1696
279,0,1,0,0,1,0,1413
325,0,0,1,0,1,0,2467
278,0,0,1,0,1,0,2428
299,1,0,0,0,1,0,2099
286,0,0,1,0,1,0,2066
304,1,0,0,0,1,0,2331
284,0,0,1,0,1,0,2467
314,0,1,0,0,1,0,2091
296,0,0,1,0,1,0,1205
324,0,1,0,0,1,0,2470
306,1,0,0,0,1,0,930
304,1,0,0,0,1,0,1411
308,0,1,0,0,1,0,1714
315,1,0,0,0,1,0,1170
305,1,0,0,0,1,0,1116
288,1,0,0,0,1,0,1368
327,1,0,0,0,1,0,642
304,0,1,0,0,1,0,1083
306,0,1,0,0,1,0,1548
328,1,0,0,0,1,0,1841
327,0,0,1,0,1,0,2347
293,1,0,0,0,1,0,1641
291,0,0,1,0,1,0,680
302,1,0,0,0,1,0,1114
312,1,0,0,0,1,0,602
297,1,0,0,0,1,0,1520
296,0,1,0,0,1,0,1231
329,0,1,0,0,1,0,1627
342,1,0,0,0,1,0,1249
289,1,0,0,0,1,0,2329
291,0,1,0,0,1,0,1966
288,1,0,0,0,1,0,1011
312,0,0,1,0,1,0,1771
307,1,0,0,0,1,0,1635
276,0,1,0,0,1,0,1163
321,1,0,0,0,1,0,707
299,1,0,0,0,1,0,987
316,1,0,0,0,1,0,1354
310,0,1,0,0,1,0,2456
314,1,0,0,0,1,0,2014
298,0,0,1,0,1,0,806
308,0,0,1,0,1,0,747
305,1,0,0,0,1,0,1073
318,0,1,0,0,1,0,2036
305,1,0,0,0,1,0,2195
303,0,0,1,0,1,0,2264
293,0,1,0,0,1,0,2019
280,0,1,0,0,1,0,1428
304,1,0,0,0,1,0,2379
322,1,0,0,0,1,0,1022
319,1,0,0,0,1,0,1962
286,0,0,1,0,1,0,1159
286,1,0,0,0,1,0,1657
299,1,0,0,0,1,0,632
310,0,0,1,0,1,0,1260
326,1,0,0,0,1,0,1921
292,0,0,1,0,1,0,707
291,0,0,1,0,1,0,1620
295,1,0,0,0,1,0,1464
321,0,1,0,0,1,0,1400
322,1,0,0,0,1,0,969
316,0,0,1,0,1,0,1034
295,0,1,0,0,1,0,942
337,1,0,0,0,1,0,1516
335,0,0,1,0,1,0,736
272,0,1,0,0,1,0,1335
312,0,0,1,0,1,0,2314
306,0,0,1,0,1,0,1696
311,1,0,0,0,1,0,669
315,0,0,1,0,1,0,1281
287,0,1,0,0,1,0,791
284,0,0,1,0,1,0,1552
311,1,0,0,0,1,0,2240
295,1,0,0,0,1,0,1478
322,1,0,0,0,1,0,2404
288,0,0,1,0,1,0,1217
305,0,0,1,0,1,0,1184
299,1,0,0,0,1,0,1668
316,0,0,1,0,1,0,868
309,1,0,0,0,1,0,1571
304,1,0,0,0,1,0,1974
299,0,0,1,0,1,0,909
329,0,1,0,0,1,0,1788
296,1,0,0,0,1,0,815
302,0,1,0,0,1,0,1935
290,0,0,1,0,1,0,2274
309,0,1,0,0,1,0,1505
307,0,0,1,0,1,0,691
326,0,1,0,0,1,0,2072
310,1,0,0,0,1,0,979
272,0,0,1,0,1,0,1373
269,0,1,0,0,1,0,952
273,0,1,0,0,1,0,1909
297,0,1,0,0,1,0,2282
296,1,0,0,0,1,0,1436
288,0,0,1,0,1,0,801
302,0,0,1,0,1,0,1345
309,0,0,1,0,1,0,1859
317,0,0,1,0,1,0,1941
288,1,0,0,0,1,0,2024
297,0,0,1,0,1,0,1014
325,1,0,0,0,1,0,1599
300,0,0,1,0,1,0,2343
311,1,0,0,0,1,0,1425
303,1,0,0,0,1,0,1259
301,0,1,0,0,1,0,2456
327,0,1,0,0,1,0,1060
312,0,0,1,0,1,0,848
272,0,0,1,0,1,0,1340
316,1,0,0,0,1,0,1771
314,1,0,0,0,1,0,1917
297,1,0,0,0,1,0,899
333,0,0,1,0,1,0,1762
310,1,0,0,0,1,0,1477
300,0,0,1,0,1,0,1700
295,1,0,0,0,1,0,760
298,0,0,1,0,1,0,1197
322,0,0,1,0,1,0,704
298,0,0,1,0,1,0,1518
218,0,0,1,0,1,0,1153
314,0,0,1,0,1,0,2011
328,0,1,0,0,1,0,2060
318,0,0,1,0,1,0,2119
316,0,1,0,0,1,0,1017
280,1,0,0,0,1,0,2355
306,0,0,1,0,1,0,926
308,1,0,0,0,1,0,1754
331,0,0,1,0,1,0,1858
297,1,0,0,0,1,0,1149
300,0,0,1,0,1,0,1642
308,1,0,0,0,1,0,2466
332,0,1,0,0,1,0,1446
301,0,1,0,0,1,0,1696
283,0,0,1,0,1,0,2096
325,0,1,0,0,1,0,1748
327,0,0,1,0,1,0,1023
281,0,1,0,0,1,0,2452
324,0,1,0,0,1,0,1580
303,1,0,0,0,1,0,1093
318,0,1,0,0,1,0,1260
286,0,0,1,0,1,0,1431
282,1,0,0,0,1,0,1673
271,1,0,0,0,1,0,2459
290,0,0,1,0,1,0,1926
290,0,1,0,0,1,0,2257
286,0,1,0,0,1,0,1695
332,0,0,1,0,1,0,1908
287,1,0,0,0,1,0,2066
328,0,0,1,0,1,0,1106
296,0,1,0,0,1,0,1639
320,0,1,0,0,1,0,1713
297,0,0,1,0,1,0,2125
283,1,0,0,0,1,0,2029
281,1,0,0,0,1,0,2134
275,0,1,0,0,1,0,1479
301,0,0,1,0,1,0,952
317,1,0,0,0,1,0,782
299,0,0,1,0,1,0,1135
244,1,0,0,0,1,0,669
284,1,0,0,0,1,0,1308
272,0,0,1,0,1,0,1690
310,1,0,0,0,1,0,2278
302,0,0,1,0,1,0,1794
301,1,0,0,0,1,0,860
319,0,0,1,0,1,0,2043
311,0,0,1,0,1,0,2082
277,1,0,0,0,1,0,739
322,0,0,1,0,1,0,1634
311,1,0,0,0,1,0,2251
287,1,0,0,0,1,0,1677
275,1,0,0,0,1,0,1801
331,0,0,1,0,1,0,1618
317,0,0,1,0,1,0,2473
315,0,0,1,0,1,0,1144
296,0,1,0,0,1,0,1348
282,1,0,0,0,1,0,1876
304,0,0,1,0,1,0,1376
276,0,1,0,0,1,0,1242
243,1,0,0,0,1,0,2081
318,0,1,0,0,1,0,2021
294,1,0,0,0,1,0,1036
323,1,0,0,0,1,0,1573
289,1,0,0,0,1,0,1639
312,0,0,1,0,1,0,1862
272,1,0,0,0,1,0,672
328,1,0,0,0,1,0,1235
306,0,0,1,0,1,0,2410
315,0,1,0,0,1,0,1578
332,0,1,0,0,1,0,2148
292,0,0,1,0,1,0,1488
299,0,1,0,0,1,0,922
291,1,0,0,0,1,0,2088
255,1,0,0,0,1,0,895
250,0,1,0,0,1,0,2108
314,1,0,0,0,1,0,622
292,0,1,0,0,1,0,1890
304,0,0,1,0,1,0,1486
307,0,1,0,0,1,0,1806
285,0,0,1,0,1,0,1044
281,0,1,0,0,1,0,2159
306,1,0,0,0,1,0,2294
320,0,1,0,0,1,0,1287
286,0,1,0,0,1,0,2380
310,0,0,1,0,1,0,971
324,0,1,0,0,1,0,1231
289,0,1,0,0,1,0,795
274,0,0,1,0,1,0,680
288,0,1,0,0,1,0,935
328,0,0,1,0,1,0,1029
323,0,0,1,0,1,0,2111
317,0,0,1,0,1,0,1039
322,1,0,0,0,1,0,2364
301,0,1,0,0,1,0,1575
299,0,0,1,0,1,0,1177
296,0,1,0,0,1,0,1442
289,1,0,0,0,1,0,1188
257,0,0,1,0,1,0,1581
282,1,0,0,0,1,0,2294
320,1,0,0,0,1,0,1348
318,0,0,1,0,1,0,1294
284,0,0,1,0,1,0,1848
322,1,0,0,0,1,0,2100
305,0,0,1,0,1,0,1856
338,1,0,0,0,1,0,1987
327,1,0,0,0,1,0,2374
297,0,1,0,0,1,0,1859
336,1,0,0,0,1,0,1904
312,0,1,0,0,1,0,2317
285,1,0,0,0,1,0,2300
298,0,0,1,0,1,0,667
301,0,1,0,0,1,0,2455
309,1,0,0,0,1,0,1555
302,0,1,0,0,1,0,2347
296,1,0,0,0,1,0,957
301,0,0,1,0,1,0,1606
288,0,0,1,0,1,0,1114
302,1,0,0,0,1,0,1482
300,0,0,1,0,1,0,2078
309,0,0,1,0,1,0,1508
304,1,0,0,0,1,0,1750
308,0,1,0,0,1,0,2333
271,0,1,0,0,1,0,2382
308,0,0,1,0,1,0,1416
279,1,0,0,0,1,0,1004
241,0,1,0,0,1,0,704
290,0,0,1,0,1,0,1644
307,0,0,1,0,1,0,751
313,0,0,1,0,1,0,621
319,0,1,0,0,1,0,1281
326,1,0,0,0,1,0,1410
272,1,0,0,0,1,0,1715
299,0,1,0,0,1,0,755
296,0,0,1,0,1,0,2438
289,0,1,0,0,1,0,1933
308,0,1,0,0,1,0,2114
322,1,0,0,0,1,0,841
318,1,0,0,0,1,0,2213
306,0,0,1,0,1,0,2018
284,0,0,1,0,1,0,2470
317,0,0,1,0,1,0,972
326,0,0,1,0,1,0,2453
301,1,0,0,0,1,0,1420
304,0,0,1,0,1,0,2425
321,0,1,0,0,1,0,1935
224,0,0,1,0,1,0,1190
313,0,1,0,0,1,0,1191
326,0,0,1,0,1,0,883
302,0,0,1,0,1,0,639
274,0,1,0,0,1,0,1208
282,0,0,1,0,1,0,1395
296,0,1,0,0,1,0,632
295,0,0,1,0,1,0,879
327,0,0,1,0,1,0,1357
314,1,0,0,0,1,0,2441
322,0,0,1,0,1,0,1793
300,1,0,0,0,1,0,1659
307,0,1,0,0,1,0,872
278,0,0,1,0,1,0,1638
315,0,0,1,0,1,0,1360
315,1,0,0,0,1,0,1953
305,0,0,1,0,1,0,2007
325,0,0,1,0,1,0,2385
288,1,0,0,0,1,0,1664
242,0,1,0,0,1,0,2459
288,0,1,0,0,1,0,2196
328,0,1,0,0,1,0,1118
286,1,0,0,0,1,0,1903
259,0,1,0,0,1,0,864
302,0,1,0,0,1,0,1760
325,0,0,1,0,1,0,1988
293,0,1,0,0,1,0,1341
275,0,1,0,0,1,0,1820
276,0,0,1,0,1,0,2211
304,1,0,0,0,1,0,2355
304,1,0,0,0,1,0,2400
321,0,0,1,0,1,0,1528
283,0,0,1,0,1,0,2096
290,1,0,0,0,1,0,994
281,0,0,1,0,1,0,1340
302,0,1,0,0,1,0,1530
267,0,0,1,0,1,0,1005
290,0,0,1,0,1,0,2264
290,1,0,0,0,1,0,1895
327,0,0,1,0,1,0,2044
333,0,0,1,0,1,0,855
288,0,1,0,0,1,0,1177
307,0,0,1,0,1,0,1759
321,0,0,1,0,1,0,1867
326,1,0,0,0,1,0,1020
308,1,0,0,0,1,0,2280
289,1,0,0,0,1,0,1770
301,0,0,1,0,1,0,1068
303,0,0,1,0,1,0,1636
288,1,0,0,0,1,0,801
312,0,0,1,0,1,0,710
320,1,0,0,0,1,0,1374
323,0,1,0,0,1,0,1240
316,0,1,0,0,1,0,2118
294,0,1,0,0,1,0,1878
279,0,1,0,0,1,0,2478
302,1,0,0,0,1,0,900
322,1,0,0,0,1,0,1344
318,0,0,1,0,1,0,1744
303,0,0,1,0,1,0,699
294,1,0,0,0,1,0,2113
319,0,1,0,0,1,0,845
283,0,1,0,0,1,0,1758
299,0,1,0,0,1,0,1819
298,1,0,0,0,1,0,768
328,0,1,0,0,1,0,1435
268,0,0,1,0,1,0,1512
324,0,1,0,0,1,0,949
291,0,0,1,0,1,0,2091
310,0,0,1,0,1,0,1861
333,1,0,0,0,1,0,1323
302,1,0,0,0,1,0,625
295,1,0,0,0,1,0,1092
299,1,0,0,0,1,0,1429
304,1,0,0,0,1,0,847
278,0,1,0,0,1,0,995
286,0,1,0,0,1,0,1403
313,0,1,0,0,1,0,2206
315,0,1,0,0,1,0,1850
301,0,0,1,0,1,0,1131
298,0,1,0,0,1,0,2250
293,0,1,0,0,1,0,1276
291,1,0,0,0,1,0,1790
307,0,1,0,0,1,0,2075
301,0,0,1,0,1,0,1118
284,0,0,1,0,1,0,1923
303,0,1,0,0,1,0,694
308,0,0,1,0,1,0,638
295,0,1,0,0,1,0,1596
290,0,1,0,0,1,0,2388
309,0,0,1,0,1,0,941
286,1,0,0,0,1,0,635
304,0,1,0,0,1,0,626
286,1,0,0,0,1,0,2479
309,0,1,0,0,1,0,1417
299,0,0,1,0,1,0,2334
304,0,0,1,0,1,0,1936
295,0,1,0,0,1,0,1726
336,1,0,0,0,1,0,2131
305,0,1,0,0,1,0,627
313,0,0,1,0,1,0,1545
283,0,0,1,0,1,0,1920
321,1,0,0,0,1,0,808
277,1,0,0,0,1,0,1499
298,0,1,0,0,1,0,1531
321,0,1,0,0,1,0,2322
332,1,0,0,0,1,0,2017
314,1,0,0,0,1,0,938
320,0,1,0,0,1,0,735
281,1,0,0,0,1,0,2315
317,0,1,0,0,1,0,1574
313,1,0,0,0,1,0,2190
290,1,0,0,0,1,0,1009
313,0,1,0,0,1,0,2106
304,0,1,0,0,1,0,732
304,0,0,1,0,1,0,2446
300,0,1,0,0,1,0,1730
301,0,1,0,0,1,0,1468
321,0,1,0,0,1,0,2037
325,0,0,1,0,1,0,2097
273,0,1,0,0,1,0,1870
323,1,0,0,0,1,0,1590
308,0,0,1,0,1,0,1953
314,0,0,1,0,1,0,2384
340,1,0,0,0,1,0,1197
279,0,0,1,0,1,0,714
316,1,0,0,0,1,0,706
293,1,0,0,0,1,0,2436
310,1,0,0,0,1,0,2082
281,0,1,0,0,1,0,2487
300,0,0,1,0,1,0,1896
325,0,0,1,0,1,0,2282
312,0,1,0,0,1,0,2434
327,1,0,0,0,1,0,1400
297,0,1,0,0,1,0,836
279,0,0,1,0,1,0,2136
323,0,0,1,0,1,0,664
235,1,0,0,0,1,0,2460
310,0,0,1,0,1,0,646
318,0,0,1,0,1,0,997
308,0,1,0,0,1,0,1625
320,0,1,0,0,1,0,1781
304,1,0,0,0,1,0,1791
290,1,0,0,0,1,0,2040
309,0,0,1,0,1,0,865
278,0,1,0,0,1,0,1198
290,0,0,1,0,1,0,781
290,1,0,0,0,1,0,1162
298,1,0,0,0,1,0,1462
298,1,0,0,0,1,0,1707
332,0,0,1,0,1,0,1001
308,0,0,1,0,1,0,1676
138,1,0,0,0,0,1,783
165,0,0,1,0,0,1,1629
152,0,1,0,0,0,1,1528
169,1,0,0,0,0,1,2924
158,0,0,1,0,0,1,538
161,0,1,0,0,0,1,2737
155,1,0,0,0,0,1,537
159,0,1,0,0,0,1,588
145,1,0,0,0,0,1,2855
150,0,0,1,0,0,1,2638
155,0,0,1,0,0,1,2356
132,0,0,1,0,0,1,1999
132,0,1,0,0,0,1,1231
157,1,0,0,0,0,1,2347
139,1,0,0,0,0,1,2820
143,0,1,0,0,0,1,1836
155,1,0,0,0,0,1,2102
152,0,0,1,0,0,1,2388
141,0,0,1,0,0,1,1130
149,0,1,0,0,0,1,2692
132,1,0,0,0,0,1,1086
156,0,0,1,0,0,1,1891
149,1,0,0,0,0,1,1588
157,0,1,0,0,0,1,931
168,0,1,0,0,0,1,2142
163,0,1,0,0,0,1,1720
161,0,1,0,0,0,1,2384
145,1,0,0,0,0,1,2207
141,0,0,1,0,0,1,2853
164,0,0,1,0,0,1,2670
144,1,0,0,0,0,1,1518
166,1,0,0,0,0,1,2229
145,0,0,1,0,0,1,1488
170,0,0,1,0,0,1,2240
145,0,0,1,0,0,1,1775
169,0,0,1,0,0,1,2415
143,0,0,1,0,0,1,1947
146,1,0,0,0,0,1,1527
141,0,1,0,0,0,1,1225
171,0,1,0,0,0,1,2634
159,0,0,1,0,0,1,2886
153,1,0,0,0,0,1,541
164,0,0,1,0,0,1,592
132,1,0,0,0,0,1,2967
136,0,0,1,0,0,1,1830
148,0,1,0,0,0,1,1553
153,0,1,0,0,0,1,574
157,1,0,0,0,0,1,536
144,0,0,1,0,0,1,2359
150,0,1,0,0,0,1,1075
165,0,0,1,0,0,1,1465
139,1,0,0,0,0,1,2171
154,1,0,0,0,0,1,1515
163,1,0,0,0,0,1,1127
161,0,0,1,0,0,1,1721
152,1,0,0,0,0,1,1633
147,0,0,1,0,0,1,1020
154,0,1,0,0,0,1,1561
134,0,1,0,0,0,1,780
135,1,0,0,0,0,1,897
147,0,1,0,0,0,1,1921
163,0,1,0,0,0,1,2397
144,0,1,0,0,0,1,1427
164,0,0,1,0,0,1,1682
144,1,0,0,0,0,1,2112
147,0,0,1,0,0,1,1483
145,1,0,0,0,0,1,920
137,0,0,1,0,0,1,2060
151,0,1,0,0,0,1,650
157,0,0,1,0,0,1,1235
154,0,0,1,0,0,1,2850
165,1,0,0,0,0,1,1843
139,0,1,0,0,0,1,2019
160,0,0,1,0,0,1,2707
148,0,0,1,0,0,1,1956
148,0,0,1,0,0,1,2014
141,0,0,1,0,0,1,1176
159,0,1,0,0,0,1,2127
160,0,1,0,0,0,1,1000
161,0,1,0,0,0,1,2571
158,0,0,1,0,0,1,1945
152,0,0,1,0,0,1,1662
158,0,0,1,0,0,1,2769
143,1,0,0,0,0,1,566
145,1,0,0,0,0,1,866
138,0,0,1,0,0,1,1979
137,0,0,1,0,0,1,2200
146,0,1,0,0,0,1,1756
159,0,1,0,0,0,1,1131
157,0,1,0,0,0,1,2222
150,0,1,0,0,0,1,2117
133,1,0,0,0,0,1,1443
163,0,0,1,0,0,1,1709
152,0,1,0,0,0,1,2737
156,0,1,0,0,0,1,2491
153,0,0,1,0,0,1,2943
146,0,1,0,0,0,1,2648
147,1,0,0,0,0,1,2960
151,0,0,1,0,0,1,1601
157,0,1,0,0,0,1,1608
135,0,0,1,0,0,1,2724
149,0,1,0,0,0,1,833
150,0,1,0,0,0,1,1962
170,1,0,0,0,0,1,2582
153,0,0,1,0,0,1,532
154,0,1,0,0,0,1,809
151,0,0,1,0,0,1,1292
159,1,0,0,0,0,1,1670
143,0,1,0,0,0,1,1284
134,0,0,1,0,0,1,2676
144,1,0,0,0,0,1,1422
134,0,1,0,0,0,1,2562
175,0,0,1,0,0,1,1159
147,1,0,0,0,0,1,1805
143,1,0,0,0,0,1,2289
179,1,0,0,0,0,1,2460
150,0,1,0,0,0,1,1256
136,0,0,1,0,0,1,1003
152,0,1,0,0,0,1,2219
139,1,0,0,0,0,1,1909
158,1,0,0,0,0,1,2795
165,0,1,0,0,0,1,2195
142,0,1,0,0,0,1,2967
148,0,0,1,0,0,1,875
152,0,0,1,0,0,1,1115
155,0,1,0,0,0,1,2581
147,0,0,1,0,0,1,879
139,0,1,0,0,0,1,1075
142,0,1,0,0,0,1,2566
146,0,1,0,0,0,1,1007
163,1,0,0,0,0,1,857
166,0,1,0,0,0,1,2708
159,0,1,0,0,0,1,2123
157,0,0,1,0,0,1,2916
149,0,0,1,0,0,1,899
152,0,1,0,0,0,1,1049
147,0,1,0,0,0,1,1670
160,1,0,0,0,0,1,1090
164,1,0,0,0,0,1,2721
157,0,1,0,0,0,1,2766
138,0,0,1,0,0,1,2834
149,0,0,1,0,0,1,2353
145,1,0,0,0,0,1,2559
134,0,0,1,0,0,1,1726
170,0,0,1,0,0,1,566
152,0,1,0,0,0,1,2730
154,0,1,0,0,0,1,765
142,1,0,0,0,0,1,2324
146,0,0,1,0,0,1,1517
149,0,1,0,0,0,1,1730
157,1,0,0,0,0,1,2283
157,0,1,0,0,0,1,1704
139,1,0,0,0,0,1,534
143,1,0,0,0,0,1,2452
147,1,0,0,0,0,1,1543
168,1,0,0,0,0,1,2570
141,1,0,0,0,0,1,814
153,1,0,0,0,0,1,2061
159,0,0,1,0,0,1,2911
157,0,1,0,0,0,1,1500
146,0,0,1,0,0,1,2693
157,0,1,0,0,0,1,1772
138,1,0,0,0,0,1,2105
143,1,0,0,0,0,1,1230
149,1,0,0,0,0,1,1268
155,0,1,0,0,0,1,2994
139,0,0,1,0,0,1,1857
137,0,1,0,0,0,1,2455
134,0,1,0,0,0,1,586
151,0,0,1,0,0,1,2485
151,1,0,0,0,0,1,2764
153,0,0,1,0,0,1,596
141,1,0,0,0,0,1,510
156,0,0,1,0,0,1,747
162,1,0,0,0,0,1,1318
151,0,1,0,0,0,1,1827
154,0,1,0,0,0,1,2515
159,1,0,0,0,0,1,2659
151,0,1,0,0,0,1,1661
160,0,1,0,0,0,1,654
166,1,0,0,0,0,1,1809
147,0,0,1,0,0,1,2433
156,1,0,0,0,0,1,1857
165,1,0,0,0,0,1,590
149,1,0,0,0,0,1,1699
137,0,1,0,0,0,1,2700
147,0,0,1,0,0,1,2935
146,1,0,0,0,0,1,1997
153,1,0,0,0,0,1,1800
155,1,0,0,0,0,1,2150
163,0,1,0,0,0,1,2167
131,1,0,0,0,0,1,891
151,1,0,0,0,0,1,1369
157,0,1,0,0,0,1,1318
147,0,0,1,0,0,1,1427
147,0,0,1,0,0,1,1836
152,1,0,0,0,0,1,1986
154,0,0,1,0,0,1,1639
155,0,0,1,0,0,1,1890
154,0,1,0,0,0,1,1036
157,1,0,0,0,0,1,756
145,1,0,0,0,0,1,2855
166,0,1,0,0,0,1,1717
136,1,0,0,0,0,1,823
133,0,0,1,0,0,1,1533
143,0,0,1,0,0,1,1393
139,0,0,1,0,0,1,2146
156,1,0,0,0,0,1,2167
146,1,0,0,0,0,1,1524
133,0,0,1,0,0,1,1103
151,0,0,1,0,0,1,2796
140,1,0,0,0,0,1,1336
159,0,1,0,0,0,1,1379
158,0,0,1,0,0,1,1346
142,1,0,0,0,0,1,1691
154,1,0,0,0,0,1,1332
130,1,0,0,0,0,1,1851
162,1,0,0,0,0,1,1786
156,0,1,0,0,0,1,2236
143,1,0,0,0,0,1,599
159,1,0,0,0,0,1,2120
134,1,0,0,0,0,1,2811
167,0,1,0,0,0,1,2122
135,0,1,0,0,0,1,1822
141,0,0,1,0,0,1,2854
169,0,1,0,0,0,1,2584
154,1,0,0,0,0,1,2451
163,0,0,1,0,0,1,2938
154,1,0,0,0,0,1,2425
142,0,1,0,0,0,1,604
150,1,0,0,0,0,1,2841
161,1,0,0,0,0,1,1523
148,1,0,0,0,0,1,964
154,0,0,1,0,0,1,2170
148,1,0,0,0,0,1,2879
127,0,0,1,0,0,1,2428
158,0,1,0,0,0,1,2076
144,1,0,0,0,0,1,885
154,1,0,0,0,0,1,657
151,0,0,1,0,0,1,1062
129,1,0,0,0,0,1,2675
148,1,0,0,0,0,1,2817
158,1,0,0,0,0,1,2605
147,0,0,1,0,0,1,2310
155,1,0,0,0,0,1,1042
160,1,0,0,0,0,1,962
161,1,0,0,0,0,1,1373
158,0,0,1,0,0,1,2640
153,0,1,0,0,0,1,2494
165,1,0,0,0,0,1,756
142,1,0,0,0,0,1,1949
142,1,0,0,0,0,1,2078
153,1,0,0,0,0,1,829
147,0,0,1,0,0,1,605
145,1,0,0,0,0,1,1055
144,0,1,0,0,0,1,836
160,0,0,1,0,0,1,987
153,0,0,1,0,0,1,2381
159,0,0,1,0,0,1,2430
144,1,0,0,0,0,1,1483
135,0,1,0,0,0,1,2142
158,0,0,1,0,0,1,902
150,1,0,0,0,0,1,2243
152,0,1,0,0,0,1,1523
160,1,0,0,0,0,1,1904
155,1,0,0,0,0,1,2302
150,0,0,1,0,0,1,1455
168,0,1,0,0,0,1,2878
153,0,0,1,0,0,1,1652
147,0,1,0,0,0,1,2546
149,0,0,1,0,0,1,591
141,0,0,1,0,0,1,1824
141,1,0,0,0,0,1,2020
147,1,0,0,0,0,1,667
171,0,1,0,0,0,1,1089
134,0,0,1,0,0,1,1053
141,0,0,1,0,0,1,2151
155,0,1,0,0,0,1,839
140,1,0,0,0,0,1,2106
157,1,0,0,0,0,1,1619
176,1,0,0,0,0,1,2083
145,0,1,0,0,0,1,1606
146,0,1,0,0,0,1,2972
155,0,1,0,0,0,1,839
169,1,0,0,0,0,1,2733
152,1,0,0,0,0,1,1172
149,0,1,0,0,0,1,1929
139,0,1,0,0,0,1,1655
137,0,1,0,0,0,1,1483
134,0,1,0,0,0,1,2868
170,1,0,0,0,0,1,2194
167,1,0,0,0,0,1,2027
159,0,0,1,0,0,1,2965
146,0,1,0,0,0,1,1207
130,0,1,0,0,0,1,1385
155,0,0,1,0,0,1,2323
156,0,1,0,0,0,1,1049
149,0,1,0,0,0,1,2306
155,1,0,0,0,0,1,2726
153,0,0,1,0,0,1,2833
158,0,1,0,0,0,1,1044
166,1,0,0,0,0,1,1974
140,0,0,1,0,0,1,2412
167,0,0,1,0,0,1,542
142,0,0,1,0,0,1,1103
158,0,0,1,0,0,1,2124
127,0,0,1,0,0,1,1112
159,0,1,0,0,0,1,2871
148,0,1,0,0,0,1,501
171,1,0,0,0,0,1,1932
151,0,0,1,0,0,1,727
160,0,0,1,0,0,1,1624
144,0,0,1,0,0,1,2661
159,1,0,0,0,0,1,700
133,0,0,1,0,0,1,2908
135,1,0,0,0,0,1,1958
152,0,1,0,0,0,1,2470
168,0,0,1,0,0,1,2861
142,1,0,0,0,0,1,750
156,1,0,0,0,0,1,1436
137,0,1,0,0,0,1,2803
149,0,1,0,0,0,1,2244
137,1,0,0,0,0,1,1204
154,0,1,0,0,0,1,1301
172,1,0,0,0,0,1,1544
126,1,0,0,0,0,1,1422
125,1,0,0,0,0,1,2228
160,1,0,0,0,0,1,1509
141,0,1,0,0,0,1,1921
139,1,0,0,0,0,1,1715
134,0,1,0,0,0,1,2072
160,1,0,0,0,0,1,1645
132,1,0,0,0,0,1,839
151,0,1,0,0,0,1,2939
154,1,0,0,0,0,1,1247
146,0,1,0,0,0,1,1489
155,0,0,1,0,0,1,2304
158,0,0,1,0,0,1,574
160,1,0,0,0,0,1,2312
160,1,0,0,0,0,1,1209
136,0,0,1,0,0,1,871
168,0,0,1,0,0,1,1567
142,0,0,1,0,0,1,2571
143,0,1,0,0,0,1,1878
137,0,0,1,0,0,1,2061
155,1,0,0,0,0,1,831
163,0,0,1,0,0,1,2850
150,0,1,0,0,0,1,2975
127,0,1,0,0,0,1,917
153,0,1,0,0,0,1,632
146,1,0,0,0,0,1,2534
160,0,0,1,0,0,1,1289
153,1,0,0,0,0,1,2429
150,1,0,0,0,0,1,2413
147,0,1,0,0,0,1,2812
144,0,0,1,0,0,1,2349
171,1,0,0,0,0,1,2967
148,1,0,0,0,0,1,995
139,1,0,0,0,0,1,779
138,1,0,0,0,0,1,2791
166,0,1,0,0,0,1,993
143,1,0,0,0,0,1,2338
155,1,0,0,0,0,1,979
161,0,0,1,0,0,1,663
148,0,1,0,0,0,1,876
140,0,1,0,0,0,1,2278
179,1,0,0,0,0,1,1254
136,0,1,0,0,0,1,2232
143,0,1,0,0,0,1,2905
148,1,0,0,0,0,1,709
155,1,0,0,0,0,1,2575
142,1,0,0,0,0,1,1801
135,0,0,1,0,0,1,1104
137,0,1,0,0,0,1,1806
138,0,1,0,0,0,1,2814
167,0,0,1,0,0,1,1906
146,0,1,0,0,0,1,803
163,0,0,1,0,0,1,1070
144,0,0,1,0,0,1,1832
152,0,1,0,0,0,1,1944
151,0,0,1,0,0,1,1514
154,1,0,0,0,0,1,1505
131,0,1,0,0,0,1,1337
153,0,0,1,0,0,1,2680
153,0,1,0,0,0,1,2686
155,0,0,1,0,0,1,2500
175,0,1,0,0,0,1,2921
139,0,0,1,0,0,1,871
138,1,0,0,0,0,1,1489
158,1,0,0,0,0,1,2766
142,0,0,1,0,0,1,1711
138,1,0,0,0,0,1,1535
163,1,0,0,0,0,1,861
138,0,0,1,0,0,1,1900
144,0,0,1,0,0,1,2690
150,0,0,1,0,0,1,960
146,0,1,0,0,0,1,2252
159,0,1,0,0,0,1,1037
142,0,1,0,0,0,1,2469
141,1,0,0,0,0,1,1401
158,1,0,0,0,0,1,1656
155,0,1,0,0,0,1,2279
166,0,0,1,0,0,1,2688
128,0,0,1,0,0,1,706
144,1,0,0,0,0,1,1753
154,0,0,1,0,0,1,1745
149,0,1,0,0,0,1,2993
134,0,0,1,0,0,1,2557
135,0,0,1,0,0,1,1523
158,1,0,0,0,0,1,2744
147,1,0,0,0,0,1,614
128,1,0,0,0,0,1,1405
161,1,0,0,0,0,1,1427
164,0,0,1,0,0,1,1330
145,0,0,1,0,0,1,1529
153,1,0,0,0,0,1,1309
136,0,0,1,0,0,1,858
145,1,0,0,0,0,1,2974
163,0,0,1,0,0,1,2524
132,0,0,1,0,0,1,1420
162,0,0,1,0,0,1,2240
156,0,0,1,0,0,1,1857
143,0,1,0,0,0,1,2401
155,1,0,0,0,0,1,1366
165,1,0,0,0,0,1,2216
151,1,0,0,0,0,1,1482
157,1,0,0,0,0,1,784
156,1,0,0,0,0,1,1266
143,1,0,0,0,0,1,2971
128,0,0,1,0,0,1,1651
131,1,0,0,0,0,1,2723
149,1,0,0,0,0,1,655
164,1,0,0,0,0,1,748
132,0,0,1,0,0,1,1043
138,0,1,0,0,0,1,1297
145,0,1,0,0,0,1,674
144,0,0,1,0,0,1,1796
168,0,0,1,0,0,1,2425
154,1,0,0,0,0,1,1856
158,0,0,1,0,0,1,1361
149,1,0,0,0,0,1,2202
127,1,0,0,0,0,1,769
150,0,1,0,0,0,1,1981
144,0,1,0,0,0,1,2453
152,1,0,0,0,0,1,1227
164,1,0,0,0,0,1,969
141,1,0,0,0,0,1,1152
155,0,1,0,0,0,1,2228
156,1,0,0,0,0,1,1316
145,0,1,0,0,0,1,1915
156,0,1,0,0,0,1,2918
158,0,1,0,0,0,1,1279
161,0,0,1,0,0,1,1423
156,0,1,0,0,0,1,1442
166,1,0,0,0,0,1,2859
145,0,0,1,0,0,1,2266
158,0,1,0,0,0,1,994
169,1,0,0,0,0,1,947
152,0,1,0,0,0,1,1031
157,0,0,1,0,0,1,2307
169,0,1,0,0,0,1,2470
151,0,0,1,0,0,1,513
139,1,0,0,0,0,1,1146
136,0,0,1,0,0,1,2831
151,0,1,0,0,0,1,1371
130,1,0,0,0,0,1,2908
146,0,1,0,0,0,1,513
156,0,0,1,0,0,1,1451
151,1,0,0,0,0,1,524
140,0,0,1,0,0,1,2920
170,0,1,0,0,0,1,1291
143,0,0,1,0,0,1,1644
166,1,0,0,0,0,1,1589
145,0,0,1,0,0,1,1757
159,1,0,0,0,0,1,1994
155,1,0,0,0,0,1,847
152,0,0,1,0,0,1,1798
149,0,1,0,0,0,1,2709
172,1,0,0,0,0,1,2782
150,1,0,0,0,0,1,2337
140,1,0,0,0,0,1,1176
147,0,0,1,0,0,1,2886
151,0,0,1,0,0,1,2531
169,1,0,0,0,0,1,1869
156,1,0,0,0,0,1,2162
156,0,0,1,0,0,1,1221
142,0,1,0,0,0,1,2882
157,1,0,0,0,0,1,545
152,0,0,1,0,0,1,2710
148,0,0,1,0,0,1,904
149,1,0,0,0,0,1,987
157,1,0,0,0,0,1,1147
169,0,1,0,0,0,1,1392
135,0,1,0,0,0,1,1367
145,0,1,0,0,0,1,1662
148,0,1,0,0,0,1,2493
143,0,0,1,0,0,1,1889
174,0,0,1,0,0,1,974
157,1,0,0,0,0,1,1245
140,0,0,1,0,0,1,1427
